"situacao";"dat_alteracao";"codigo";"descricao";"cod_pai";"cod_filhos";"cod_filhos_ativos";"nivel"
"A";"";"1";"Magistrado";"";"3,193,11009,14092,15185,7,11,25,56,63,83,108,113,117,122,133,138,146,151,157,160,163,172,190,206,207,378,817,888,961,968,1008,1013,11792,12067,12092,12093,12141,12144,12163,12164,12185,12206,12208,12210,12299,12300,12307,12318,12320,12332,12359,12387,12425,12432,12444,12455,12477,12647,12736,12765,12768,12769,14230,14231,14681,14702,14730,14733,14776,15061,15082,15084,15086,15162,15163,15164,15203,15205,15206,15223,15229,15232,15244,15366,15409,15490,15495,15500,15505,15510,15587,15621,15622,15625,15626,15627,15693,266,821,12140,12473,269,941,1003,12150,12151,263,264,265,268,270,271,272,275,276,277,278,279,898,947,960,971,11975,12098,12099,12100,12259,14968,14969,14970,14971,14972,14973,15067,15204,15247,15248,15413,15415,15425,352,353,15032,15426,354,355,905,823,824,11393,357,358,12147,335,371,940,373,374,399,400,402,404,788,12036,381,383,128,347,348,349,945,1004,1016,11002,11426,12145,12479,12734,12737,14683,15025,15208,15210,15489,15494,15499,15504,15509,15542,15581,388,389,390,391,392,393,1060,12035,12261,12262,394,1059,799,803,804,429,430,431,12094,12096,12428,12429,12431,12445,12446,12454,15057,15058,432,433,434,12095,12097,12427,12456,15059,15060,15183,175,377,944,11011,12467,12476,12733,15201,15589,332,339,787,818,819,988,990,1002,1017,10963,11395,11415,11423,11554,12148,12149,12308,14682,15078,15079,15486,15491,15496,15501,15506,15538,15580,12180,12181,12182,12183,15539,15540,889,892,11424,15103,15487,15492,15497,15502,15507,334,785,792,11425,12146,15488,15493,15498,15503,15508,15541,15579,15582,15583,1009,1010,1011,1018,1019,12188,12447,15207,15209,1014,1015,1063,10962,11382,12037,12038,12039,12040,12255,12421,12422,12430,12448,12457,12472,12474,12646,12648,15080,15081,15085,15200,15202,15717,12207,12213,12209,12211,12301,12302,12303,12304,12305,12306,15234,15235,12478,15424,12766,12767,15418,15419,14232,14233,14234,14235,15062,15063,15064,15065,15230,15231,15083,15233,218,385,228,230,235,236,244,456,853,10953,10961,11373,11394,11396,12184,12319,12458,12459,12709,15253,15260,15408,472,473,454,457,458,459,460,461,462,463,464,465,11374,11375,11376,11377,11378,11379,11380,11381,12256,12298,12325,12617,14848,15245,15249,15250,15251,12710,12711,12712,12713,12714,12715,12716,12717,12718,12719,12720,12721,12722,12723,12724,14218,15254,15255,15256,15257,15258,15259,15261,15262,15263,15264,15265,15266,196,198,200,202,208,210,212,214,219,220,221,237,238,239,240,241,242,455,466,471,871,884,900,901,972,973,10964,11401,11402,11403,11404,11405,11406,11407,11408,11409,11795,11796,11876,11877,12033,12034,12187,12252,12253,12254,12257,12258,12321,12326,12329,12330,12331,12433,12450,12615,12649,12650,12651,12652,12653,12654,12661,12664,12665,12678,12738,14099,14219,14777,14778,14937,15022,15026,15027,15028,15029,15030,15165,15166,15211,15212,15213,15214,15252,442,443,444,445,10965,12032,12041,12475,446,447,448,449,450,451,452,453,14680,1042,1043,1044,1045,1046,1047,1048,1049,1050,11411,11801,11878,11879,12028,12616,12735,15322,12322,12323,12324,12327,12328,12434,12435,12436,12437,12438,12439,12440,12441,12442,12443,12451,12452,12453,12666,12667,12668,12669,12670,12672,12673,12674,12675,12676,12677,12792,12671,12660,12662,12663,12679,12680,12681,12682,12683,12684,12685,12686,12687,12688,12689,12690,12691,12692,12693,12694,12695,12696,12697,12698,12699,12700,12701,12702,12703,12704,12705,12706,12707,12708,14210,14211,14213,14214,14215,14216,14217,15023,15024,11010,11019,11020,11021,11023,11025,12068,12310,12548,15216,15225,15226,15227,15561,12449,11022,11024,11012,11013,11014,11015,11016,11017,11018,15009,15238,12311,12312,12313,12314,15562,15563,15564,15565,14093,14094,14095";"3,193,11009,14092,15185,7,11,25,56,63,83,108,113,117,122,133,138,146,151,157,160,163,172,190,206,207,378,817,888,961,968,1008,1013,11792,12067,12092,12093,12141,12144,12163,12164,12185,12206,12208,12210,12299,12300,12307,12318,12320,12332,12359,12387,12425,12432,12444,12455,12477,12647,12736,12765,12768,12769,14230,14231,14681,14702,14730,14733,14776,15061,15082,15084,15086,15162,15163,15164,15203,15205,15206,15223,15229,15232,15244,15366,15409,15490,15495,15500,15505,15510,15587,15621,15622,15625,15626,15627,15693,266,821,12140,12473,269,941,1003,12150,12151,263,264,265,268,270,271,272,275,276,277,278,279,898,947,960,971,11975,12098,12099,12100,12259,14968,14969,14970,14971,14972,14973,15067,15204,15247,15248,15413,15415,15425,352,353,15032,15426,354,355,905,823,824,11393,357,358,12147,335,371,940,373,374,399,400,402,404,788,12036,381,383,128,347,348,349,945,1004,1016,11002,11426,12145,12479,12734,12737,14683,15025,15208,15210,15489,15494,15499,15504,15509,15542,15581,388,389,390,391,392,393,1060,12035,12261,12262,394,1059,799,803,804,429,430,431,12094,12096,12428,12429,12431,12445,12446,12454,15057,15058,432,433,434,12095,12097,12427,12456,15059,15060,15183,175,377,944,11011,12467,12476,12733,15201,15589,332,339,787,818,819,988,990,1002,1017,10963,11395,11415,11423,11554,12148,12149,12308,14682,15078,15079,15486,15491,15496,15501,15506,15538,15580,12180,12181,12182,12183,15539,15540,889,892,11424,15103,15487,15492,15497,15502,15507,334,785,792,11425,12146,15488,15493,15498,15503,15508,15541,15579,15582,15583,1009,1010,1011,1018,1019,12188,12447,15207,15209,1014,1015,1063,10962,11382,12037,12038,12039,12040,12255,12421,12422,12430,12448,12457,12472,12474,12646,12648,15080,15081,15085,15200,15202,15717,12207,12213,12209,12211,12301,12302,12303,12304,12305,12306,15234,15235,12478,15424,12766,12767,15418,15419,14232,14233,14234,14235,15062,15063,15064,15065,15230,15231,15083,15233,218,385,228,230,235,236,244,456,853,10953,10961,11373,11394,11396,12184,12319,12458,12459,12709,15253,15260,15408,472,473,454,457,458,459,460,461,462,463,464,465,11374,11375,11376,11377,11378,11379,11380,11381,12256,12298,12325,12617,14848,15245,15249,15250,15251,12710,12711,12712,12713,12714,12715,12716,12717,12718,12719,12720,12721,12722,12723,12724,14218,15254,15255,15256,15257,15258,15259,15261,15262,15263,15264,15265,15266,196,198,200,202,208,210,212,214,219,220,221,237,238,239,240,241,242,455,466,471,871,884,900,901,972,973,10964,11401,11402,11403,11404,11405,11406,11407,11408,11409,11795,11796,11876,11877,12033,12034,12187,12252,12253,12254,12257,12258,12321,12326,12329,12330,12331,12433,12450,12615,12649,12650,12651,12652,12653,12654,12661,12664,12665,12678,12738,14099,14219,14777,14778,14937,15022,15026,15027,15028,15029,15030,15165,15166,15211,15212,15213,15214,15252,442,443,444,445,10965,12032,12041,12475,446,447,448,449,450,451,452,453,14680,1042,1043,1044,1045,1046,1047,1048,1049,1050,11411,11801,11878,11879,12028,12616,12735,15322,12322,12323,12324,12327,12328,12434,12435,12436,12437,12438,12439,12440,12441,12442,12443,12451,12452,12453,12666,12667,12668,12669,12670,12672,12673,12674,12675,12676,12677,12792,12671,12660,12662,12663,12679,12680,12681,12682,12683,12684,12685,12686,12687,12688,12689,12690,12691,12692,12693,12694,12695,12696,12697,12698,12699,12700,12701,12702,12703,12704,12705,12706,12707,12708,14210,14211,14213,14214,14215,14216,14217,15023,15024,11010,11019,11020,11021,11023,11025,12068,12310,12548,15216,15225,15226,15227,15561,12449,11022,11024,11012,11013,11014,11015,11016,11017,11018,15009,15238,12311,12312,12313,12314,15562,15563,15564,15565,14093,14094,14095";"1"
"A";"2009-06-08 17:53:52";"3";"Decisão";"1.0";"7,11,25,56,63,83,108,113,117,122,133,138,146,151,157,160,163,172,190,206,207,378,817,888,961,968,1008,1013,11792,12067,12092,12093,12141,12144,12163,12164,12185,12206,12208,12210,12299,12300,12307,12318,12320,12332,12359,12387,12425,12432,12444,12455,12477,12647,12736,12765,12768,12769,14230,14231,14681,14702,14730,14733,14776,15061,15082,15084,15086,15162,15163,15164,15203,15205,15206,15223,15229,15232,15244,15366,15409,15490,15495,15500,15505,15510,15587,15621,15622,15625,15626,15627,15693,266,821,12140,12473,269,941,1003,12150,12151,263,264,265,268,270,271,272,275,276,277,278,279,898,947,960,971,11975,12098,12099,12100,12259,14968,14969,14970,14971,14972,14973,15067,15204,15247,15248,15413,15415,15425,352,353,15032,15426,354,355,905,823,824,11393,357,358,12147,335,371,940,373,374,399,400,402,404,788,12036,381,383,128,347,348,349,945,1004,1016,11002,11426,12145,12479,12734,12737,14683,15025,15208,15210,15489,15494,15499,15504,15509,15542,15581,388,389,390,391,392,393,1060,12035,12261,12262,394,1059,799,803,804,429,430,431,12094,12096,12428,12429,12431,12445,12446,12454,15057,15058,432,433,434,12095,12097,12427,12456,15059,15060,15183,175,377,944,11011,12467,12476,12733,15201,15589,332,339,787,818,819,988,990,1002,1017,10963,11395,11415,11423,11554,12148,12149,12308,14682,15078,15079,15486,15491,15496,15501,15506,15538,15580,12180,12181,12182,12183,15539,15540,889,892,11424,15103,15487,15492,15497,15502,15507,334,785,792,11425,12146,15488,15493,15498,15503,15508,15541,15579,15582,15583,1009,1010,1011,1018,1019,12188,12447,15207,15209,1014,1015,1063,10962,11382,12037,12038,12039,12040,12255,12421,12422,12430,12448,12457,12472,12474,12646,12648,15080,15081,15085,15200,15202,15717,12207,12213,12209,12211,12301,12302,12303,12304,12305,12306,15234,15235,12478,15424,12766,12767,15418,15419,14232,14233,14234,14235,15062,15063,15064,15065,15230,15231,15083,15233";"7,11,25,83,108,113,117,122,133,138,151,157,160,163,172,190,206,207,378,817,888,961,968,1008,1013,11792,12092,12093,12141,12144,12164,12185,12206,12208,12210,12299,12300,12307,12318,12320,12332,12359,12387,12425,12432,12444,12455,12477,12647,12736,12768,12769,14231,14681,14702,14776,15061,15082,15084,15086,15162,15163,15164,15203,15205,15206,15223,15229,15232,15244,15366,15409,15490,15495,15500,15505,15510,15587,15621,15622,15625,15626,15627,15693,266,821,12140,12473,269,941,1003,12150,12151,263,264,265,268,270,271,272,275,276,277,278,279,898,947,960,971,11975,12098,12099,12100,12259,14968,14969,14970,14971,14972,14973,15067,15204,15247,15248,15413,15415,15425,352,353,15032,15426,354,355,905,823,824,11393,357,358,12147,335,371,940,373,374,399,400,402,404,788,12036,381,383,128,347,348,349,945,1004,1016,11002,11426,12145,12479,12734,12737,14683,15025,15208,15210,15489,15494,15499,15504,15509,15542,15581,388,389,390,391,392,393,1060,12035,12261,12262,394,1059,799,803,804,429,430,431,12094,12096,12428,12429,12431,12445,12446,12454,15057,15058,432,433,434,12095,12097,12427,12456,15059,15060,15183,175,377,944,11011,12467,12476,12733,15201,15589,332,339,787,818,819,988,990,1002,1017,10963,11395,11415,11423,11554,12148,12149,12308,14682,15078,15079,15486,15491,15496,15501,15506,15538,15580,12180,12181,12182,12183,15539,15540,889,892,11424,15103,15487,15492,15497,15502,15507,334,785,792,11425,12146,15488,15493,15498,15503,15508,15541,15579,15582,15583,1009,1010,1011,1018,1019,12188,12447,15207,15209,1014,1015,1063,10962,11382,12037,12038,12039,12040,12255,12421,12422,12430,12448,12457,12472,12474,12646,12648,15080,15081,15085,15200,15202,15717,12207,12213,12209,12211,12301,12302,12303,12304,12305,12306,15234,15235,12478,15424,14232,14233,14234,14235,15062,15063,15064,15065,15230,15231,15083,15233";"2"
"A";"";"7";"Conversão";"3.0";"266,821,12140,12473";"821,12140,12473";"3"
"A";"";"11";"Declaração";"3.0";"269,941,1003,12150,12151";"941,1003,12150,12151";"3"
"A";"";"14";"Serventuário";"";"15,18,48,104,865,12522,16,979,980,478,479,480,481,22,26,36,488,981,982,12296,12297,51,60,67,92,118,123,132,135,137,311,313,417,493,848,849,861,873,893,897,928,970,1051,1052,1061,1062,10966,11003,11008,11383,11384,11385,11983,12065,12066,12101,12102,12103,12142,12143,12165,12186,12189,12198,12214,12215,12260,12263,12269,12276,12281,12284,12289,12292,12315,12316,12317,12606,12607,12614,12618,12619,12621,12622,12623,12655,12657,12658,12659,12759,14091,14212,14732,14736,14737,14738,14739,14901,14902,14974,14999,15000,15092,15102,15186,15417,15530,15531,15585,15695,15696,15718,15719,15725,15730,85,581,245,246,14997,14998,12624,12739,12740,12741,12742,12743,12744,12745,12746,12747,12749,12750,12751,12752,12753,14096,15045,15049,15050,15188,15427,15569,15237,12748,1053,1054,1055,12104,12105,12106,12309,12108,12110,12111,12114,12115,12107,12109,12112,12113,12116,12166,12173,12167,12168,12169,12170,12171,12172,12174,12175,12176,12177,12178,12179,12199,12203,12204,12205,12272,12273,12274,12275,15021,15420,15421,15422,12200,12201,12202,12212,12264,12267,12268,15728,15729,12265,12266,15547,12270,12271,12277,12278,12279,12280,12282,12283,14961,12285,12286,15721,15726,15727,12287,12288,15246,15548,12290,12291,15101,15168,12293,12294,12295,12656,14903,14904,14905,14906,14907,14908,14975,14976,14977,14978,14979,14980,14981,14982,14983,14984,14985,15414,15416,15093,15094,15095,15096,15097,15098,15099,15100,15157,15158,15714,15715,15716,105,115,106,112,985,987,866,867,869,870,977,978,12029,12523,12524,12525,15711,12528,12531,12532,12608,12529,12530,12533,12534,12609,12526,12527,12535,12536,12610,12537,12539,12540,12611,12538,15712,15713";"15,18,48,104,865,12522,16,979,980,478,479,480,481,22,26,36,488,981,982,12296,12297,51,60,67,92,118,123,132,135,137,311,313,417,493,848,849,861,873,893,897,928,970,1051,1052,1061,1062,10966,11003,11008,11383,11384,11385,11983,12065,12066,12101,12102,12103,12142,12143,12165,12186,12189,12198,12214,12215,12260,12263,12269,12276,12281,12284,12289,12292,12315,12316,12317,12606,12607,12614,12618,12619,12621,12622,12623,12655,12657,12658,12659,12759,14091,14212,14732,14736,14737,14738,14739,14901,14902,14974,14999,15000,15092,15102,15186,15417,15530,15531,15585,15695,15696,15718,15719,15725,15730,85,581,245,246,14997,14998,12624,12739,12740,12741,12742,12743,12744,12745,12746,12747,12749,12750,12751,12752,12753,14096,15045,15049,15050,15188,15427,15569,15237,12748,1053,1054,1055,12104,12105,12106,12309,12108,12110,12111,12114,12115,12107,12109,12112,12113,12116,12166,12173,12167,12168,12169,12170,12171,12172,12174,12175,12176,12177,12178,12179,12199,12203,12204,12205,12272,12273,12274,12275,15021,15420,15421,15422,12200,12201,12202,12212,12264,12267,12268,15728,15729,12265,12266,15547,12270,12271,12277,12278,12279,12280,12282,12283,14961,12285,12286,15721,15726,15727,12287,12288,15246,15548,12290,12291,15101,15168,12293,12294,12295,12656,14903,14904,14905,14906,14907,14908,14975,14976,14977,14978,14979,14980,14981,14982,14983,14984,14985,15414,15416,15093,15094,15095,15096,15097,15098,15099,15100,15157,15158,15714,15715,15716,105,115,106,112,985,987,866,867,869,870,977,978,12029,12523,12524,12525,15711,12528,12531,12532,12608,12529,12530,12533,12534,12609,12526,12527,12535,12536,12610,12537,12539,12540,12611,12538,15712,15713";"1"
"A";"";"15";"Contador";"14.0";"16,979,980,478,479,480,481";"16,979,980,478,479,480,481";"2"
"A";"";"16";"Cálculo";"15.0";"478,479,480,481";"478,479,480,481";"3"
"A";"";"18";"Distribuidor";"14.0";"22,26,36,488,981,982,12296,12297";"22,26,36,488,981,982,12296,12297";"2"
"A";"";"22";"Baixa Definitiva";"18.0";"";"";"3"
"A";"";"25";"Suspensão ou Sobrestamento";"3.0";"263,264,265,268,270,271,272,275,276,277,278,279,898,947,960,971,11975,12098,12099,12100,12259,14968,14969,14970,14971,14972,14973,15067,15204,15247,15248,15413,15415,15425";"263,264,265,268,272,275,276,277,898,11975,12098,12099,12100,12259,14968,14969,14970,14971,14972,14973,15067,15204,15247,15248,15413,15415,15425";"3"
"A";"";"26";"Distribuição";"18.0";"";"";"3"
"A";"";"36";"Redistribuição";"18.0";"";"";"3"
"A";"2009-10-01 12:57:48";"48";"Escrivão/Diretor de Secretaria/Secretário Jurídico";"14.0";"51,60,67,92,118,123,132,135,137,311,313,417,493,848,849,861,873,893,897,928,970,1051,1052,1061,1062,10966,11003,11008,11383,11384,11385,11983,12065,12066,12101,12102,12103,12142,12143,12165,12186,12189,12198,12214,12215,12260,12263,12269,12276,12281,12284,12289,12292,12315,12316,12317,12606,12607,12614,12618,12619,12621,12622,12623,12655,12657,12658,12659,12759,14091,14212,14732,14736,14737,14738,14739,14901,14902,14974,14999,15000,15092,15102,15186,15417,15530,15531,15585,15695,15696,15718,15719,15725,15730,85,581,245,246,14997,14998,12624,12739,12740,12741,12742,12743,12744,12745,12746,12747,12749,12750,12751,12752,12753,14096,15045,15049,15050,15188,15427,15569,15237,12748,1053,1054,1055,12104,12105,12106,12309,12108,12110,12111,12114,12115,12107,12109,12112,12113,12116,12166,12173,12167,12168,12169,12170,12171,12172,12174,12175,12176,12177,12178,12179,12199,12203,12204,12205,12272,12273,12274,12275,15021,15420,15421,15422,12200,12201,12202,12212,12264,12267,12268,15728,15729,12265,12266,15547,12270,12271,12277,12278,12279,12280,12282,12283,14961,12285,12286,15721,15726,15727,12287,12288,15246,15548,12290,12291,15101,15168,12293,12294,12295,12656,14903,14904,14905,14906,14907,14908,14975,14976,14977,14978,14979,14980,14981,14982,14983,14984,14985,15414,15416,15093,15094,15095,15096,15097,15098,15099,15100,15157,15158,15714,15715,15716";"51,60,67,92,118,123,132,135,137,311,313,493,848,849,861,893,928,970,1051,1052,1061,1062,11003,11008,11383,11384,11385,11983,12066,12103,12142,12143,12165,12186,12189,12198,12214,12215,12260,12263,12269,12276,12281,12284,12289,12292,12315,12606,12607,12614,12619,12621,12622,12623,12655,12657,12658,12659,14091,14212,14732,14736,14737,14738,14739,14901,14974,14999,15000,15092,15102,15186,15417,15530,15531,15585,15695,15696,15718,15719,15725,15730,85,581,245,246,14997,14998,12624,12739,12740,12741,12742,12743,12744,12745,12746,12747,12749,12750,12751,12752,12753,14096,15045,15049,15050,15188,15427,15569,15237,12748,1053,1054,1055,12104,12105,12106,12309,12108,12110,12111,12114,12115,12107,12109,12112,12113,12116,12166,12173,12167,12168,12169,12170,12171,12172,12174,12175,12176,12177,12178,12179,12199,12203,12204,12205,12272,12273,12274,12275,15021,15420,15421,15422,12200,12201,12202,12212,12264,12267,12268,15728,15729,12265,12266,15547,12270,12271,12277,12278,12279,12280,12282,12283,14961,12285,12286,15721,15726,15727,12287,12288,15246,15548,12290,12291,15101,15168,12293,12294,12295,12656,14903,14904,14905,14906,14907,14908,14975,14976,14977,14978,14979,14980,14981,14982,14983,14984,14985,15414,15416,15093,15094,15095,15096,15097,15098,15099,15100,15157,15158,15714,15715,15716";"2"
"A";"";"51";"Conclusão";"48.0";"";"";"3"
"A";"";"60";"Expedição de documento";"48.0";"";"";"3"
"A";"";"67";"Juntada";"48.0";"85,581";"85,581";"3"
"A";"";"83";"Cancelamento da distribuição";"3.0";"";"";"3"
"A";"";"85";"Petição";"67.0";"";"";"4"
"A";"";"92";"Publicação";"48.0";"";"";"3"
"A";"";"104";"Oficial de Justiça";"14.0";"105,115,106,112,985,987";"105,115,106,112,985,987";"2"
"A";"";"105";"Devolução";"104.0";"106,112";"106,112";"3"
"A";"";"106";"Mandado";"105.0";"";"";"4"
"A";"";"108";"Decretação de Prisão Criminal";"3.0";"352,353,15032,15426";"352,353,15032,15426";"3"
"A";"";"112";"Ofício";"105.0";"";"";"4"
"A";"";"113";"Decretação de Prisão Civil";"3.0";"354,355,905";"354,905";"3"
"A";"";"115";"Recebimento";"104.0";"985,987";"985,987";"3"
"A";"";"117";"Decretação de Internação";"3.0";"823,824,11393";"823,11393";"3"
"A";"";"118";"Protocolo de Petição";"48.0";"";"";"3"
"A";"";"122";"Desacolhimento de Prisão";"3.0";"357,358,12147";"357,358,12147";"3"
"A";"";"123";"Remessa";"48.0";"";"";"3"
"A";"";"128";"Prisão";"157.0";"";"";"4"
"A";"";"132";"Recebimento";"48.0";"";"";"3"
"A";"2019-07-04 14:25:16";"133";"Acolhimento de exceção";"3.0";"335,371,940";"335,371,940";"3"
"A";"";"135";"Apensamento";"48.0";"";"";"3"
"A";"";"137";"Desapensamento";"48.0";"";"";"3"
"A";"";"138";"Rejeição";"3.0";"373,374,399,400,402,404,788,12036";"373,374,399,400,402,404,788,12036";"3"
"A";"";"151";"Concessão de efeito suspensivo";"3.0";"381,383";"381,383";"3"
"A";"";"157";"Revogação";"3.0";"128,347,348,349,945,1004,1016,11002,11426,12145,12479,12734,12737,14683,15025,15208,15210,15489,15494,15499,15504,15509,15542,15581";"128,347,348,349,945,1004,1016,12145,12479,12734,12737,14683,15025,15208,15210,15489,15494,15499,15504,15509,15542,15581";"3"
"A";"";"160";"Recebimento";"3.0";"388,389,390,391,392,393,1060,12035,12261,12262,394,1059";"388,389,391,393,1060,12035,12261,394,1059";"3"
"A";"";"163";"Não-Recebimento";"3.0";"799,803,804";"804";"3"
"A";"";"172";"Deliberação da partilha";"3.0";"";"";"3"
"A";"";"190";"Reforma de decisão anterior";"3.0";"";"";"3"
"A";"2013-10-03 16:03:10";"193";"Julgamento";"1.0";"218,385,228,230,235,236,244,456,853,10953,10961,11373,11394,11396,12184,12319,12458,12459,12709,15253,15260,15408,472,473,454,457,458,459,460,461,462,463,464,465,11374,11375,11376,11377,11378,11379,11380,11381,12256,12298,12325,12617,14848,15245,15249,15250,15251,12710,12711,12712,12713,12714,12715,12716,12717,12718,12719,12720,12721,12722,12723,12724,14218,15254,15255,15256,15257,15258,15259,15261,15262,15263,15264,15265,15266,196,198,200,202,208,210,212,214,219,220,221,237,238,239,240,241,242,455,466,471,871,884,900,901,972,973,10964,11401,11402,11403,11404,11405,11406,11407,11408,11409,11795,11796,11876,11877,12033,12034,12187,12252,12253,12254,12257,12258,12321,12326,12329,12330,12331,12433,12450,12615,12649,12650,12651,12652,12653,12654,12661,12664,12665,12678,12738,14099,14219,14777,14778,14937,15022,15026,15027,15028,15029,15030,15165,15166,15211,15212,15213,15214,15252,442,443,444,445,10965,12032,12041,12475,446,447,448,449,450,451,452,453,14680,1042,1043,1044,1045,1046,1047,1048,1049,1050,11411,11801,11878,11879,12028,12616,12735,15322,12322,12323,12324,12327,12328,12434,12435,12436,12437,12438,12439,12440,12441,12442,12443,12451,12452,12453,12666,12667,12668,12669,12670,12672,12673,12674,12675,12676,12677,12792,12671,12660,12662,12663,12679,12680,12681,12682,12683,12684,12685,12686,12687,12688,12689,12690,12691,12692,12693,12694,12695,12696,12697,12698,12699,12700,12701,12702,12703,12704,12705,12706,12707,12708,14210,14211,14213,14214,14215,14216,14217,15023,15024";"218,385,228,230,235,236,244,456,853,10953,10961,11373,11394,11396,12184,12319,12458,12459,12709,15253,15260,15408,472,473,454,457,458,459,460,461,462,463,464,465,11374,11375,11376,11377,11378,11379,11380,11381,12256,12298,12325,12617,14848,15245,15249,15250,15251,12710,12711,12712,12713,12714,12715,12716,12717,12718,12719,12720,12721,12722,12723,12724,14218,15254,15255,15256,15257,15258,15259,15261,15262,15263,15264,15265,15266,196,198,200,202,208,210,212,214,219,220,221,237,238,239,240,241,242,455,466,471,871,884,900,901,972,973,10964,11401,11402,11403,11404,11405,11406,11407,11408,11409,11795,11796,11876,11877,12033,12034,12187,12252,12253,12254,12257,12258,12321,12326,12329,12330,12331,12433,12450,12615,12649,12650,12651,12652,12653,12654,12661,12664,12665,12678,12738,14099,14219,14777,14778,14937,15022,15026,15027,15028,15029,15030,15165,15166,15211,15212,15213,15214,15252,442,443,444,445,10965,12032,12041,12475,446,447,448,449,450,451,452,453,14680,1042,1043,1044,1045,1046,1047,1048,1049,1050,11411,11801,11878,11879,12028,12616,12735,15322,12322,12323,12324,12327,12328,12434,12435,12436,12437,12438,12439,12440,12441,12442,12443,12451,12452,12453,12666,12667,12668,12669,12670,12672,12673,12674,12675,12676,12677,12792,12671,12660,12662,12663,12679,12680,12681,12682,12683,12684,12685,12686,12687,12688,12689,12690,12691,12692,12693,12694,12695,12696,12697,12698,12699,12700,12701,12702,12703,12704,12705,12706,12707,12708,14210,14211,14213,14214,14215,14216,14217,15023,15024";"2"
"A";"";"196";"Extinção da execução ou do cumprimento da sentença";"385.0";"";"";"4"
"A";"";"198";"Acolhimento de Embargos de Declaração";"385.0";"";"";"4"
"A";"";"200";"Não-Acolhimento de Embargos de Declaração";"385.0";"";"";"4"
"A";"";"202";"Decretação de falência";"385.0";"";"";"4"
"A";"2019-07-04 14:28:29";"206";"Admissão";"3.0";"429,430,431,12094,12096,12428,12429,12431,12445,12446,12454,15057,15058";"429,430,431,12094,12096,12428,12429,12431,12445,12446,12454,15057,15058";"3"
"A";"";"207";"Não-Admissão";"3.0";"432,433,434,12095,12097,12427,12456,15059,15060,15183";"432,433,434,12095,12097,12427,12456,15059,15060,15183";"3"
"A";"";"208";"Não-Decretação de Falência";"385.0";"";"";"4"
"A";"";"210";"Concessão";"385.0";"442,443,444,445,10965,12032,12041,12475";"442,443,444,445,12032,12041,12475";"4"
"A";"";"212";"Denegação";"385.0";"446,447,448,449";"446,447,448,449";"4"
"A";"";"214";"Concessão em Parte";"385.0";"450,451,452,453,14680";"450,451,452,453,14680";"4"
"A";"";"218";"Sem Resolução de Mérito";"193.0";"228,230,235,236,244,456,853,10953,10961,11373,11394,11396,12184,12319,12458,12459,12709,15253,15260,15408,472,473,454,457,458,459,460,461,462,463,464,465,11374,11375,11376,11377,11378,11379,11380,11381,12256,12298,12325,12617,14848,15245,15249,15250,15251,12710,12711,12712,12713,12714,12715,12716,12717,12718,12719,12720,12721,12722,12723,12724,14218,15254,15255,15256,15257,15258,15259,15261,15262,15263,15264,15265,15266";"228,230,235,236,456,853,10953,10961,11373,12319,12458,12459,12709,15253,15260,15408,472,473,454,457,458,459,460,461,462,463,464,465,11374,11375,11376,11377,11378,11379,11380,11381,12256,12298,12325,12617,14848,15245,15249,15250,15251,12710,12711,12712,12713,12714,12715,12716,12717,12718,12719,12720,12721,12722,12723,12724,14218,15254,15255,15256,15257,15258,15259,15261,15262,15263,15264,15265,15266";"3"
"A";"";"219";"Procedência";"385.0";"";"";"4"
"A";"";"220";"Improcedência";"385.0";"";"";"4"
"A";"";"221";"Procedência em Parte";"385.0";"";"";"4"
"A";"";"228";"Arquivamento";"218.0";"472,473";"472,473";"4"
"A";"";"230";"Recurso prejudicado";"218.0";"";"";"4"
"A";"2019-02-09 13:37:20";"235";"Não Conhecimento de recurso";"218.0";"";"";"4"
"A";"";"236";"Negação de Seguimento";"218.0";"";"";"4"
"A";"";"237";"Provimento";"385.0";"";"";"4"
"A";"";"238";"Provimento em Parte";"385.0";"";"";"4"
"A";"";"239";"Não-Provimento";"385.0";"";"";"4"
"A";"2021-09-28 15:19:58";"240";"Conhecimento em Parte e Provimento ou Concessão";"385.0";"";"";"4"
"A";"2021-09-28 15:32:18";"241";"Conhecimento em Parte e Provimento em Parte ou Concessão em Parte";"385.0";"";"";"4"
"A";"2021-09-28 15:31:50";"242";"Conhecimento em Parte e Não-Provimento ou Denegação";"385.0";"";"";"4"
"A";"";"245";"Provisório";"861.0";"";"";"4"
"A";"";"246";"Definitivo";"861.0";"";"";"4"
"A";"";"263";"Réu revel citado por edital ";"25.0";"";"";"4"
"A";"";"264";"Suspensão Condicional do Processo";"25.0";"";"";"4"
"A";"";"265";"Recurso Extraordinário com repercussão geral";"25.0";"";"";"4"
"A";"";"268";"Morte ou perda da capacidade";"25.0";"";"";"4"
"A";"";"272";"A depender do julgamento de outra causa, de outro juízo ou declaração incidente";"25.0";"";"";"4"
"A";"";"275";"Força maior";"25.0";"";"";"4"
"A";"2014-02-18 11:55:27";"276";"Execução frustrada";"25.0";"";"";"4"
"A";"2022-06-01 17:27:23";"277";"Convenção das Partes para Satisfação Voluntária da Obrigação em Execução ou Cumprimento de Sentença";"25.0";"";"";"4"
"A";"";"311";"Leilão ou Praça";"48.0";"";"";"3"
"A";"";"313";"Sessão do Tribunal do Júri";"48.0";"";"";"3"
"A";"2024-09-26 12:42:33";"332";"Tutela Provisória";"817.0";"";"";"4"
"A";"2022-06-10 14:31:33";"334";"Gratuidade da Justiça";"968.0";"";"";"4"
"A";"";"335";"de pré-executividade";"133.0";"";"";"4"
"A";"";"339";"Liminar";"817.0";"";"";"4"
"A";"2024-09-26 12:51:03";"347";"Tutela Provisória";"157.0";"";"";"4"
"A";"";"348";"Liminar";"157.0";"";"";"4"
"A";"2024-10-15 14:25:30";"349";"Gratuidade de Justiça";"157.0";"";"";"4"
"A";"";"352";"Temporária";"108.0";"";"";"4"
"A";"";"353";"Preventiva";"108.0";"";"";"4"
"A";"";"354";"Alimentos";"113.0";"";"";"4"
"A";"";"357";"Temporária";"122.0";"";"";"4"
"A";"";"358";"Preventiva";"122.0";"";"";"4"
"A";"";"371";"Incompetência";"133.0";"";"";"4"
"A";"";"373";"Exceção de Impedimento ou Suspeição";"138.0";"";"";"4"
"A";"";"374";"Exceção de incompetência";"138.0";"";"";"4"
"A";"";"378";"Homologação";"3.0";"175,377,944,11011,12467,12476,12733,15201,15589";"944,12467,12476,12733,15201,15589";"3"
"A";"";"381";"Recurso";"151.0";"";"";"4"
"A";"";"383";"Impugnação ao cumprimento de sentença";"151.0";"";"";"4"
"A";"";"385";"Com Resolução do Mérito";"193.0";"196,198,200,202,208,210,212,214,219,220,221,237,238,239,240,241,242,455,466,471,871,884,900,901,972,973,10964,11401,11402,11403,11404,11405,11406,11407,11408,11409,11795,11796,11876,11877,12033,12034,12187,12252,12253,12254,12257,12258,12321,12326,12329,12330,12331,12433,12450,12615,12649,12650,12651,12652,12653,12654,12661,12664,12665,12678,12738,14099,14219,14777,14778,14937,15022,15026,15027,15028,15029,15030,15165,15166,15211,15212,15213,15214,15252,442,443,444,445,10965,12032,12041,12475,446,447,448,449,450,451,452,453,14680,1042,1043,1044,1045,1046,1047,1048,1049,1050,11411,11801,11878,11879,12028,12616,12735,15322,12322,12323,12324,12327,12328,12434,12435,12436,12437,12438,12439,12440,12441,12442,12443,12451,12452,12453,12666,12667,12668,12669,12670,12672,12673,12674,12675,12676,12677,12792,12671,12660,12662,12663,12679,12680,12681,12682,12683,12684,12685,12686,12687,12688,12689,12690,12691,12692,12693,12694,12695,12696,12697,12698,12699,12700,12701,12702,12703,12704,12705,12706,12707,12708,14210,14211,14213,14214,14215,14216,14217,15023,15024";"196,198,200,202,208,210,212,214,219,220,221,237,238,239,240,241,242,455,466,471,871,901,972,973,10964,11401,11402,11403,11404,11405,11406,11407,11408,11409,11795,11796,11876,11877,12033,12034,12187,12252,12253,12254,12257,12258,12321,12326,12329,12330,12331,12433,12450,12649,12650,12651,12652,12653,12654,12661,12664,12678,12738,14099,14219,14777,14778,14937,15022,15026,15027,15028,15029,15030,15165,15166,15211,15212,15213,15214,15252,442,443,444,445,10965,12032,12041,12475,446,447,448,449,450,451,452,453,14680,1042,1043,1044,1045,1046,1047,1048,1049,1050,11411,11801,11878,11879,12028,12616,12735,15322,12322,12323,12324,12327,12328,12434,12435,12436,12437,12438,12439,12440,12441,12442,12443,12451,12452,12453,12666,12667,12668,12669,12670,12672,12673,12674,12675,12676,12677,12792,12671,12660,12662,12663,12679,12680,12681,12682,12683,12684,12685,12686,12687,12688,12689,12690,12691,12692,12693,12694,12695,12696,12697,12698,12699,12700,12701,12702,12703,12704,12705,12706,12707,12708,14210,14211,14213,14214,14215,14216,14217,15023,15024";"3"
"A";"";"388";"Aditamento da denúncia";"160.0";"";"";"4"
"A";"";"389";"Aditamento da queixa";"160.0";"";"";"4"
"A";"";"391";"Denúncia";"160.0";"";"";"4"
"A";"";"393";"Queixa";"160.0";"";"";"4"
"A";"";"394";"Com efeito suspensivo";"1060.0";"";"";"5"
"A";"";"399";"Aditamento da denúncia";"138.0";"";"";"4"
"A";"";"400";"Aditamento da queixa";"138.0";"";"";"4"
"A";"";"402";"Denúncia";"138.0";"";"";"4"
"A";"";"404";"Queixa";"138.0";"";"";"4"
"A";"";"429";"Recurso extraordinário";"206.0";"";"";"4"
"A";"";"430";"Recurso especial";"206.0";"";"";"4"
"A";"";"431";"Recurso de revista";"206.0";"";"";"4"
"A";"";"432";"Recurso Extraordinário";"207.0";"";"";"4"
"A";"";"433";"Recurso Especial";"207.0";"";"";"4"
"A";"";"434";"Recurso de Revista";"207.0";"";"";"4"
"A";"";"442";"Segurança";"210.0";"";"";"5"
"A";"";"443";"Habeas corpus";"210.0";"";"";"5"
"A";"";"444";"Habeas data";"210.0";"";"";"5"
"A";"";"445";"Mandado de injunção";"210.0";"";"";"5"
"A";"";"446";"Segurança";"212.0";"";"";"5"
"A";"";"447";"Habeas corpus";"212.0";"";"";"5"
"A";"";"448";"Habeas data";"212.0";"";"";"5"
"A";"";"449";"Mandado de injunção";"212.0";"";"";"5"
"A";"";"450";"Segurança";"214.0";"";"";"5"
"A";"";"451";"Habeas corpus";"214.0";"";"";"5"
"A";"";"452";"Habeas data";"214.0";"";"";"5"
"A";"";"453";"Mandado de injunção";"214.0";"";"";"5"
"A";"";"454";"Indeferimento da petição inicial";"456.0";"";"";"5"
"A";"";"455";"Renúncia ao direito pelo autor";"385.0";"";"";"4"
"A";"";"456";"Extinção";"218.0";"454,457,458,459,460,461,462,463,464,465,11374,11375,11376,11377,11378,11379,11380,11381,12256,12298,12325,12617,14848,15245,15249,15250,15251";"454,457,458,459,460,461,462,463,464,11374,11375,11376,11377,11378,11379,11380,11381,12256,12298,12325,14848,15245,15249,15250,15251";"4"
"A";"2009-08-14 15:07:03";"457";"Paralisação por negligência das partes";"456.0";"";"";"5"
"A";"2009-08-14 15:03:03";"458";"Abandono da causa";"456.0";"";"";"5"
"A";"2009-08-14 15:05:56";"459";"Ausência de pressupostos processuais";"456.0";"";"";"5"
"A";"";"460";"Perempção, litispendência ou coisa julgada";"456.0";"";"";"5"
"A";"2009-08-14 15:04:11";"461";"Ausência das condições da ação";"456.0";"";"";"5"
"A";"2009-08-14 15:06:33";"462";"Convenção de arbitragem";"456.0";"";"";"5"
"A";"2009-08-14 15:06:40";"463";"Desistência";"456.0";"";"";"5"
"A";"2009-08-14 15:03:23";"464";"Ação intransmissível";"456.0";"";"";"5"
"A";"";"466";"Homologação de Transação";"385.0";"";"";"4"
"A";"";"471";"Pronúncia de Decadência ou Prescrição";"385.0";"";"";"4"
"A";"";"472";"Sumaríssimo (art. 852-B, § 1º/CLT)";"228.0";"";"";"5"
"A";"";"473";"Ausência do Reclamante";"228.0";"";"";"5"
"A";"";"478";"Cálculo de Liquidação";"16.0";"";"";"4"
"A";"";"479";"Custas";"16.0";"";"";"4"
"A";"";"480";"Atualização de conta";"16.0";"";"";"4"
"A";"";"481";"Tributos";"16.0";"";"";"4"
"A";"";"488";"Cancelamento de Distribuição";"18.0";"";"";"3"
"A";"";"493";"Entrega em carga/vista";"48.0";"";"";"3"
"A";"";"581";"Documento";"67.0";"";"";"4"
"A";"2024-09-26 12:48:41";"785";"Tutela Provisória";"968.0";"";"";"4"
"A";"2022-06-10 14:19:36";"787";"Gratuidade da Justiça";"817.0";"";"";"4"
"A";"";"788";"Exceção de pré-executividade";"138.0";"";"";"4"
"A";"";"792";"Liminar";"968.0";"";"";"4"
"A";"";"804";"Recurso";"163.0";"";"";"4"
"A";"";"817";"Concessão";"3.0";"332,339,787,818,819,988,990,1002,1017,10963,11395,11415,11423,11554,12148,12149,12308,14682,15078,15079,15486,15491,15496,15501,15506,15538,15580,12180,12181,12182,12183,15539,15540";"332,339,787,818,819,988,990,1002,1017,11395,11415,11554,12148,12149,12308,14682,15078,15079,15486,15491,15496,15501,15506,15538,15580,12180,12181,12182,12183,15539,15540";"3"
"A";"";"818";"Liberdade provisória";"817.0";"";"";"4"
"A";"2011-02-01 16:21:48";"819";"Livramento Condicional";"817.0";"";"";"4"
"A";"";"821";"Pena / Medida";"7.0";"";"";"4"
"A";"";"823";"Provisória";"117.0";"";"";"4"
"A";"";"848";"Trânsito em julgado";"48.0";"";"";"3"
"A";"";"849";"Reativação";"48.0";"";"";"3"
"A";"";"853";"Conversão de Agravo de Instrumento em Recurso Especial ou Extraordinário";"218.0";"";"";"4"
"A";"";"861";"Arquivamento";"48.0";"245,246,14997,14998";"245,246,14997,14998";"3"
"A";"";"865";"Arquivista";"14.0";"866,867,869,870,977,978,12029";"866,867,869,870,977,978";"2"
"A";"";"866";"Guarda Intermediária";"865.0";"";"";"3"
"A";"";"867";"Guarda Permanente";"865.0";"";"";"3"
"A";"";"869";"Entrega definitiva dos autos";"865.0";"";"";"3"
"A";"";"870";"Autos Eliminados";"865.0";"";"";"3"
"A";"";"871";"Acolhimento em parte de Embargos de Declaração";"385.0";"";"";"4"
"A";"";"888";"Concessão em parte";"3.0";"889,892,11424,15103,15487,15492,15497,15502,15507";"889,892,15103,15487,15492,15497,15502,15507";"3"
"A";"2024-09-26 12:46:47";"889";"Tutela Provisória";"888.0";"";"";"4"
"A";"";"892";"Liminar";"888.0";"";"";"4"
"A";"";"893";"Desarquivamento";"48.0";"";"";"3"
"A";"";"898";"Por decisão judicial";"25.0";"";"";"4"
"A";"2025-04-01 14:05:42";"901";"Negação Monocrática de Provimento";"385.0";"";"";"4"
"A";"";"905";"de estrangeiro para deportação, expulsão ou extradição";"113.0";"";"";"4"
"A";"";"928";"Republicação";"48.0";"";"";"3"
"A";"";"940";"Impedimento ou Suspeição";"133.0";"";"";"4"
"A";"";"941";"Incompetência";"11.0";"";"";"4"
"A";"";"944";"Desistência de Recurso";"378.0";"";"";"4"
"A";"";"945";"Decisão anterior";"157.0";"";"";"4"
"A";"";"961";"Suscitação de Conflito de Competência";"3.0";"";"";"3"
"A";"";"968";"Não-Concessão";"3.0";"334,785,792,11425,12146,15488,15493,15498,15503,15508,15541,15579,15582,15583";"334,785,792,12146,15488,15493,15498,15503,15508,15541,15579,15582,15583";"3"
"A";"";"970";"Audiência";"48.0";"12624,12739,12740,12741,12742,12743,12744,12745,12746,12747,12749,12750,12751,12752,12753,14096,15045,15049,15050,15188,15427,15569,15237,12748";"12624,12739,12740,12741,12742,12743,12744,12745,12746,12747,12749,12750,12751,12752,12753,14096,15045,15049,15050,15188,15427,15569,15237,12748";"3"
"A";"2025-04-01 14:14:10";"972";"Provimento Monocrático";"385.0";"";"";"4"
"A";"2024-03-15 14:19:40";"973";"Extinção da Punibilidade ou da Pena";"385.0";"1042,1043,1044,1045,1046,1047,1048,1049,1050,11411,11801,11878,11879,12028,12616,12735,15322";"1042,1043,1044,1046,1047,1048,1049,1050,11411,11801,11878,11879,12028,12616,12735,15322";"4"
"A";"";"977";"Recebimento";"865.0";"";"";"3"
"A";"2022-09-21 17:13:02";"978";"Remessa";"865.0";"";"";"3"
"A";"";"979";"Recebimento";"15.0";"";"";"3"
"A";"";"980";"Remessa";"15.0";"";"";"3"
"A";"";"981";"Recebimento";"18.0";"";"";"3"
"A";"";"982";"Remessa";"18.0";"";"";"3"
"A";"";"985";"Mandado";"115.0";"";"";"4"
"A";"";"987";"Ofício";"115.0";"";"";"4"
"A";"";"988";"Permissão de saída";"817.0";"";"";"4"
"A";"";"990";"Direito de visita";"817.0";"";"";"4"
"A";"";"1002";"Progressão de regime";"817.0";"";"";"4"
"A";"";"1003";"Remição";"11.0";"";"";"4"
"A";"";"1004";"Livramento Condicional";"157.0";"";"";"4"
"A";"";"1008";"Autorização";"3.0";"1009,1010,1011,1018,1019,12188,12447,15207,15209";"1009,1010,1011,1018,1019,12188,15207,15209";"3"
"A";"";"1009";"Trabalho Externo";"1008.0";"";"";"4"
"A";"";"1010";"Saída Temporária";"1008.0";"";"";"4"
"A";"";"1011";"Inclusão em Regime Disciplinar Diferenciado";"1008.0";"";"";"4"
"A";"2018-12-18 19:22:13";"1013";"Determinação";"3.0";"1014,1015,1063,10962,11382,12037,12038,12039,12040,12255,12421,12422,12430,12448,12457,12472,12474,12646,12648,15080,15081,15085,15200,15202,15717";"1014,1063,11382,12037,12038,12039,12040,12255,12421,12422,12430,12448,12457,12472,12474,12646,12648,15080,15081,15085,15200,15202,15717";"3"
"A";"";"1014";"Regressão de Regime";"1013.0";"";"";"4"
"A";"";"1016";"Suspensão Condicional da Pena";"157.0";"";"";"4"
"A";"";"1017";"Suspensão Condicional da Pena";"817.0";"";"";"4"
"A";"";"1018";"Transferência para outro Estabelecimento Penal";"1008.0";"";"";"4"
"A";"";"1019";"Transferência da Execução da Pena";"1008.0";"";"";"4"
"A";"2009-08-14 14:40:04";"1042";"Morte do agente";"973.0";"";"";"5"
"A";"2009-08-14 14:35:04";"1043";"Anistia, graça ou indulto";"973.0";"";"";"5"
"A";"2009-08-14 14:55:37";"1044";"Retroatividade de lei";"973.0";"";"";"5"
"A";"2009-08-14 14:47:14";"1046";"Renúncia do queixoso ou perdão aceito ";"973.0";"";"";"5"
"A";"2009-08-14 14:47:30";"1047";"Retratação do agente";"973.0";"";"";"5"
"A";"2009-08-14 14:41:37";"1048";"Perdão judicial";"973.0";"";"";"5"
"A";"2009-08-14 14:41:18";"1049";"Pagamento integral do débito";"973.0";"";"";"5"
"A";"";"1050";"Cumprimento da Pena";"973.0";"";"";"5"
"A";"";"1051";"Decurso de Prazo";"48.0";"";"";"3"
"A";"";"1052";"Bens Apreendidos";"48.0";"1053,1054,1055";"1053,1054,1055";"3"
"A";"";"1053";"Destinação";"1052.0";"";"";"4"
"A";"";"1054";"Destinação Parcial";"1052.0";"";"";"4"
"A";"";"1055";"Cadastramento";"1052.0";"";"";"4"
"A";"";"1059";"Sem efeito suspensivo";"1060.0";"";"";"5"
"A";"";"1060";"Recurso";"160.0";"394,1059";"394,1059";"4"
"A";"";"1061";"Disponibilização no Diário da Justiça Eletrônico";"48.0";"";"";"3"
"A";"";"1062";"Redisponibilização no Diário da Justiça Eletrônico";"48.0";"";"";"3"
"A";"";"1063";"Determinação de arquivamento de procedimentos investigatórios";"1013.0";"";"";"4"
"A";"";"10953";"Pronúncia";"218.0";"";"";"4"
"A";"";"10961";"Impronúncia";"218.0";"";"";"4"
"A";"";"10964";"Extinção por Cumprimento de Medida Sócio-Educativa";"385.0";"";"";"4"
"A";"";"11003";"Início do Cumprimento da Transação Penal";"48.0";"";"";"3"
"A";"";"11008";"Desmembramento de Feitos";"48.0";"";"";"3"
"A";"";"11009";"Despacho";"1.0";"11010,11019,11020,11021,11023,11025,12068,12310,12548,15216,15225,15226,15227,15561,12449,11022,11024,11012,11013,11014,11015,11016,11017,11018,15009,15238,12311,12312,12313,12314,15562,15563,15564,15565";"11010,11019,11020,11021,11023,11025,12310,12548,15216,15225,15226,15227,15561,12449,11022,11024,11012,11013,11014,11015,11016,11017,11018,15009,15238,12311,12312,12313,12314,15562,15563,15564,15565";"2"
"A";"";"11010";"Mero expediente";"11009.0";"12449";"";"3"
"A";"";"11012";"Conflito de Competência";"11025.0";"";"";"4"
"A";"";"11013";"Convenção das Partes";"11025.0";"";"";"4"
"A";"";"11016";"Exceção da Verdade";"11025.0";"";"";"4"
"A";"";"11017";"Incidente de Insanidade Mental";"11025.0";"";"";"4"
"A";"";"11018";"Recebimento de Embargos à Execução";"11025.0";"";"";"4"
"A";"";"11019";"Ordenação de entrega de autos";"11009.0";"";"";"3"
"A";"";"11020";"Requisição de Informações";"11009.0";"";"";"3"
"A";"";"11021";"Conversão";"11009.0";"11022";"11022";"3"
"A";"";"11022";"Julgamento em Diligência";"11021.0";"";"";"4"
"A";"";"11023";"Concessão";"11009.0";"11024";"";"3"
"A";"";"11025";"Suspensão ou Sobrestamento";"11009.0";"11012,11013,11014,11015,11016,11017,11018,15009,15238";"11012,11013,11016,11017,11018,15009,15238";"3"
"A";"";"11373";"Anulação de sentença/acórdão";"218.0";"";"";"4"
"A";"";"11374";"Devedor não encontrado";"456.0";"";"";"5"
"A";"";"11375";"Inexistência de bens penhoráveis";"456.0";"";"";"5"
"A";"";"11376";"Ausência do autor à audiência";"456.0";"";"";"5"
"A";"";"11377";"Inadmissibilidade do procedimento sumaríssimo";"456.0";"";"";"5"
"A";"";"11378";"Incompetência territorial";"456.0";"";"";"5"
"A";"";"11379";"Incompetência em razão da pessoa";"456.0";"";"";"5"
"A";"";"11380";"Autor falecido e sem habilitação de sucessores";"456.0";"";"";"5"
"A";"";"11381";"Ausência de citação de sucessores do réu falecido";"456.0";"";"";"5"
"A";"2026-01-28 14:53:54";"11382";"Bloqueio, Penhora ou Arresto";"1013.0";"";"";"4"
"A";"";"11383";"Ato ordinatório";"48.0";"";"";"3"
"A";"2009-10-02 09:19:31";"11384";"Liquidação iniciada";"48.0";"";"";"3"
"A";"2021-12-03 15:38:32";"11385";"Execução/Cumprimento de Sentença Iniciada (o)";"48.0";"";"";"3"
"A";"";"11393";"Sanção";"117.0";"";"";"4"
"A";"2023-09-27 16:14:29";"11395";"Remissão ao Adolescente como Forma de Suspensão do Processo";"817.0";"12180,12181,12182,12183";"12180,12181,12182,12183";"4"
"A";"";"11401";"Procedência do pedido e procedência do pedido contraposto";"385.0";"";"";"4"
"A";"";"11402";"Procedência do pedido e procedência em parte do pedido contraposto";"385.0";"";"";"4"
"A";"";"11403";"Procedência do pedido e improcedência do pedido contraposto";"385.0";"";"";"4"
"A";"";"11404";"Procedência em parte do pedido e procedência do pedido contraposto";"385.0";"";"";"4"
"A";"";"11405";"Procedência em parte do pedido e procedência em parte do pedido contraposto";"385.0";"";"";"4"
"A";"";"11406";"Procedência em parte do pedido e improcedência do pedido contraposto";"385.0";"";"";"4"
"A";"";"11407";"Improcedência do pedido e procedência do pedido contraposto";"385.0";"";"";"4"
"A";"";"11408";"Improcedência do pedido e procedência em parte do pedido contraposto";"385.0";"";"";"4"
"A";"";"11409";"Improcedência do pedido e improcedência do pedido contraposto";"385.0";"";"";"4"
"A";"";"11411";"Cumprimento da suspensão condicional do processo";"973.0";"";"";"5"
"A";"";"11415";"Comutação da pena";"817.0";"";"";"4"
"A";"2014-07-23 15:32:58";"11554";"Indulto";"817.0";"";"";"4"
"A";"2023-08-08 08:16:52";"11792";"Livramento Condicional";"3.0";"";"";"3"
"A";"";"11795";"Procedência do Pedido - Reconhecimento pelo réu";"385.0";"";"";"4"
"A";"2011-05-11 14:07:34";"11796";"Declaração de competência em conflito";"385.0";"";"";"4"
"A";"";"11801";"Reparação do dano";"973.0";"";"";"5"
"A";"2011-10-19 17:16:23";"11876";"Absolvição Sumária do art. 397-CPP";"385.0";"";"";"4"
"A";"";"11877";"Absolvição sumária - crimes dolosos contra a vida";"385.0";"";"";"4"
"A";"";"11878";"Prescrição";"973.0";"";"";"5"
"A";"";"11879";"Decadência ou perempção";"973.0";"";"";"5"
"A";"2014-02-18 11:55:16";"11975";"Recurso Especial repetitivo";"25.0";"";"";"4"
"A";"2014-02-21 11:38:01";"11983";"Retificação de movimento";"48.0";"";"";"3"
"A";"2014-07-15 16:21:52";"12028";"Cumprimento de transação penal";"973.0";"";"";"5"
"A";"";"12032";"Exequatur";"210.0";"";"";"5"
"A";"2023-08-08 08:17:03";"12033";"Sentença Estrangeira";"385.0";"";"";"4"
"A";"2023-08-08 08:16:58";"12034";"Exequatur";"385.0";"";"";"4"
"A";"";"12035";"Representação por ato infracional";"160.0";"";"";"4"
"A";"";"12036";"Representação por ato infracional";"138.0";"";"";"4"
"A";"2014-07-17 15:13:41";"12037";"Quebra de sigilo fiscal";"1013.0";"";"";"4"
"A";"";"12038";"Quebra de sigilo bancário";"1013.0";"";"";"4"
"A";"";"12039";"Quebra de sigilo telemático";"1013.0";"";"";"4"
"A";"";"12040";"Indisponibilidade de bens";"1013.0";"";"";"4"
"A";"";"12041";"Recuperação judicial";"210.0";"";"";"5"
"A";"2021-12-01 19:34:16";"12066";"Cumprimento de Levantamento da Suspensão ";"48.0";"";"";"3"
"A";"2016-08-25 14:10:06";"12092";"Afetação ao rito dos recursos repetitivos ";"3.0";"";"";"3"
"A";"2016-08-25 14:10:29";"12093";"Desafetação ao rito dos recursos repetitivos ";"3.0";"";"";"3"
"A";"";"12094";"Incidente de Resolução de demandas repetitivas (art. 981 e 982)";"206.0";"";"";"4"
"A";"";"12095";"Incidente de resolução de demandas repetitivas";"207.0";"";"";"4"
"A";"";"12096";"Incidente de assunção de competência";"206.0";"";"";"4"
"A";"";"12097";"Incidente de assunção de competência ";"207.0";"";"";"4"
"A";"2019-07-04 16:56:53";"12098";"Incidente de Resolução de Demandas Repetitivas ";"25.0";"";"";"4"
"A";"2021-07-30 18:16:40";"12099";"Por decisão do Presidente do STJ - SIRDR";"25.0";"";"";"4"
"A";"2021-07-30 18:16:15";"12100";"Por decisão do Presidente do STF  - SIRDR";"25.0";"";"";"4"
"A";"";"12103";"Pauta";"48.0";"12104,12105,12106,12309,12108,12110,12111,12114,12115,12107,12109,12112,12113,12116";"12104,12105,12106,12309,12108,12110,12111,12114,12115,12107,12109,12112,12113,12116";"3"
"A";"";"12104";"Inclusão em pauta";"12103.0";"12108,12110,12111,12114,12115";"12108,12110,12111,12114,12115";"4"
"A";"2024-09-26 13:06:41";"12105";"Inclusão em Pauta de Sessão Virtual";"12103.0";"12107,12109,12112,12113,12116";"12107,12109,12112,12113,12116";"4"
"A";"2024-09-26 13:34:28";"12106";"Adiamento do Julgamento para a Primeira Sessão Seguinte";"12103.0";"";"";"4"
"A";"";"12107";"Para análise de repercussão geral";"12105.0";"";"";"5"
"A";"";"12108";"Para análise de repercussão geral";"12104.0";"";"";"5"
"A";"";"12109";"Para análise da admissão do recurso repetitivo ";"12105.0";"";"";"5"
"A";"";"12110";"Para análise da admissão do recurso repetitivo ";"12104.0";"";"";"5"
"A";"";"12111";"Para análise da admissão do IRDR";"12104.0";"";"";"5"
"A";"";"12112";"Para análise da admissão do IRDR";"12105.0";"";"";"5"
"A";"";"12113";"Para análise da admissão do IAC";"12105.0";"";"";"5"
"A";"";"12114";"Para análise da admissão do IAC";"12104.0";"";"";"5"
"A";"2024-09-26 13:26:03";"12115";"Para Julgamento";"12104.0";"";"";"5"
"A";"2024-09-26 13:28:17";"12116";"Para Julgamento";"12105.0";"";"";"5"
"A";"";"12140";"Prisão em Flagrante em Prisão Preventiva";"7.0";"";"";"4"
"A";"";"12141";"Relaxamento do Flagrante";"3.0";"";"";"3"
"A";"";"12142";"Mudança de Parte";"48.0";"";"";"3"
"A";"";"12143";"Mudança de Assunto Processual";"48.0";"";"";"3"
"A";"";"12144";"Unificação e Soma de Penas";"3.0";"";"";"3"
"A";"2017-05-05 14:43:57";"12145";"Detração/Remição";"157.0";"";"";"4"
"A";"";"12146";"Liberdade Provisória";"968.0";"";"";"4"
"A";"";"12147";"Domiciliar";"122.0";"";"";"4"
"A";"";"12148";"Prisão Domiciliar";"817.0";"";"";"4"
"A";"";"12149";"Detração/Remição da Pena";"817.0";"";"";"4"
"A";"";"12150";"Impedimento";"11.0";"";"";"4"
"A";"";"12151";"Suspeição";"11.0";"";"";"4"
"A";"";"12164";"Outras Decisões";"3.0";"";"";"3"
"A";"";"12165";"Requisição de Pagamento";"48.0";"12166,12173,12167,12168,12169,12170,12171,12172,12174,12175,12176,12177,12178,12179";"12166,12173,12167,12168,12169,12170,12171,12172,12174,12175,12176,12177,12178,12179";"3"
"A";"";"12166";"Precatório";"12165.0";"12167,12168,12169,12170,12171,12172";"12167,12168,12169,12170,12171,12172";"4"
"A";"";"12167";"Enviada ao Tribunal";"12166.0";"";"";"5"
"A";"";"12168";"Preparada para Envio";"12166.0";"";"";"5"
"A";"";"12169";"Paga";"12166.0";"";"";"5"
"A";"";"12170";"Cancelada";"12166.0";"";"";"5"
"A";"2020-09-16 15:58:42";"12171";"Retificado";"12166.0";"";"";"5"
"A";"";"12172";"Suspensão";"12166.0";"";"";"5"
"A";"";"12173";"Pequeno Valor";"12165.0";"12174,12175,12176,12177,12178,12179";"12174,12175,12176,12177,12178,12179";"4"
"A";"2025-04-01 13:53:37";"12174";"Enviada ao Tribunal/Ente Devedor";"12173.0";"";"";"5"
"A";"";"12175";"Preparada para Envio";"12173.0";"";"";"5"
"A";"";"12176";"Paga";"12173.0";"";"";"5"
"A";"";"12177";"Cancelada";"12173.0";"";"";"5"
"A";"";"12178";"Retificada";"12173.0";"";"";"5"
"A";"";"12179";"Suspensão";"12173.0";"";"";"5"
"A";"";"12180";"Prestação de Serviços à Comunidade";"11395.0";"";"";"5"
"A";"";"12181";"Reparação do Dano";"11395.0";"";"";"5"
"A";"";"12182";"Liberdade Assistida";"11395.0";"";"";"5"
"A";"";"12183";"Justiça Restaurativa";"11395.0";"";"";"5"
"A";"";"12185";"Decisão Interlocutória de Mérito";"3.0";"";"";"3"
"A";"";"12186";"Cancelamento de Distribuição";"48.0";"";"";"3"
"A";"2021-01-28 12:43:42";"12187";"Homologação de Decisão de Juiz Leigo";"385.0";"";"";"4"
"A";"";"12188";"Recambiamento de Preso";"1008.0";"";"";"4"
"A";"";"12189";"Entrega de Documento";"48.0";"";"";"3"
"A";"";"12198";"Deliberado em Sessão";"48.0";"12199,12203,12204,12205,12272,12273,12274,12275,15021,15420,15421,15422,12200,12201,12202,12212";"12199,12203,12204,12205,12272,12273,12274,12275,15021,15420,15421,15422,12200,12201,12202,12212";"3"
"A";"";"12199";"Julgado";"12198.0";"12200,12201,12202,12212";"12200,12201,12202,12212";"4"
"A";"";"12200";"Mérito";"12199.0";"";"";"5"
"A";"";"12201";"Liminar";"12199.0";"";"";"5"
"A";"";"12202";"Questão de Ordem";"12199.0";"";"";"5"
"A";"";"12203";"Adiado";"12198.0";"";"";"4"
"A";"";"12204";"Pedido de Vista";"12198.0";"";"";"4"
"A";"";"12205";"Retirado";"12198.0";"";"";"4"
"A";"";"12206";"Ratificação";"3.0";"12207,12213";"12207,12213";"3"
"A";"";"12207";"Liminar";"12206.0";"";"";"4"
"A";"";"12208";"Não-Ratificação";"3.0";"12209";"12209";"3"
"A";"";"12209";"Liminar";"12208.0";"";"";"4"
"A";"";"12210";"Ratificação em Parte";"3.0";"12211";"12211";"3"
"A";"";"12211";"Liminar";"12210.0";"";"";"4"
"A";"";"12212";"Prorrogação de PAD";"12199.0";"";"";"5"
"A";"";"12213";"Decisão Monocrática";"12206.0";"";"";"4"
"A";"";"12214";"Processo Encaminhado";"48.0";"";"";"3"
"A";"";"12215";"Processo devolvido à Secretaria";"48.0";"";"";"3"
"A";"";"12252";"Sentença confirmada";"385.0";"";"";"4"
"A";"";"12253";"Sentença confirmada em parte";"385.0";"";"";"4"
"A";"";"12254";"Sentença desconstituída";"385.0";"";"";"4"
"A";"";"12255";"Redistribuição por prevenção";"1013.0";"";"";"4"
"A";"";"12256";"Continência";"456.0";"";"";"5"
"A";"";"12257";"Definição de tese jurídica em incidentes repetitivos";"385.0";"";"";"4"
"A";"";"12258";"Emissão de juízo de retratação pelo Órgão Julgador";"385.0";"";"";"4"
"A";"";"12259";"Prescrição intercorrente (art. 921, § 4º, CPC)";"25.0";"";"";"4"
"A";"";"12260";"Autos restaurados";"48.0";"";"";"3"
"A";"";"12261";"Emenda a inicial";"160.0";"";"";"4"
"A";"";"12263";"Intimação";"48.0";"12264,12267,12268,15728,15729,12265,12266,15547";"12264,12267,12268,15728,15729,12265,12266,15547";"3"
"A";"";"12264";"Eletrônica";"12263.0";"12265,12266,15547";"12265,12266,15547";"4"
"A";"";"12265";"Expedida/certificada";"12264.0";"";"";"5"
"A";"";"12266";"Confirmada";"12264.0";"";"";"5"
"A";"";"12267";"Em audiência";"12263.0";"";"";"4"
"A";"";"12268";"Em Secretaria";"12263.0";"";"";"4"
"A";"";"12269";"Desentranhamento";"48.0";"12270,12271";"12270,12271";"3"
"A";"";"12270";"Documento";"12269.0";"";"";"4"
"A";"";"12271";"Petição";"12269.0";"";"";"4"
"A";"";"12272";"Declinada a competência";"12198.0";"";"";"4"
"A";"";"12273";"Convertido em diligência";"12198.0";"";"";"4"
"A";"";"12274";"Sobrestado";"12198.0";"";"";"4"
"A";"";"12275";"Retificado";"12198.0";"";"";"4"
"A";"";"12276";"Cumprimento da pena";"48.0";"12277,12278,12279,12280";"12277,12278,12280";"3"
"A";"";"12277";"Início";"12276.0";"";"";"4"
"A";"";"12278";"Fim";"12276.0";"";"";"4"
"A";"";"12280";"Interrupção";"12276.0";"";"";"4"
"A";"";"12281";"Comunicação eletrônica";"48.0";"12282,12283,14961";"12282,12283,14961";"3"
"A";"";"12282";"Expedida/Certificada";"12281.0";"";"";"4"
"A";"";"12283";"Confirmada";"12281.0";"";"";"4"
"A";"";"12284";"Citação";"48.0";"12285,12286,15721,15726,15727,12287,12288,15246,15548";"12285,12286,15721,15726,15727,12287,12288,15246,15548";"3"
"A";"";"12285";"Em Secretaria/Comparecimento Espontâneo";"12284.0";"";"";"4"
"A";"";"12286";"Eletrônica";"12284.0";"12287,12288,15246,15548";"12287,12288,15246,15548";"4"
"A";"";"12287";"Expedida/Certificada";"12286.0";"";"";"5"
"A";"";"12288";"Confirmada";"12286.0";"";"";"5"
"A";"";"12289";"Cancelamento";"48.0";"12290,12291,15101,15168";"12290,12291,15101,15168";"3"
"A";"";"12290";"Documento Expedido";"12289.0";"";"";"4"
"A";"";"12291";"Movimentação processual";"12289.0";"";"";"4"
"A";"";"12292";"Ato cumprido pela parte ou interessado";"48.0";"12293,12294,12295";"12293,12294,12295";"3"
"A";"";"12293";"Ato cumprido pela parte ou interessado (sem atributo)";"12292.0";"";"";"4"
"A";"";"12294";"Comparecimento do Réu/Apenado";"12292.0";"";"";"4"
"A";"";"12295";"Depósito de Bens/Dinheiro";"12292.0";"";"";"4"
"A";"2021-01-27 13:51:45";"12296";"Registro Processual";"18.0";"";"";"3"
"A";"";"12297";"Atribuição de competência";"18.0";"";"";"3"
"A";"";"12298";"Cancelamento de Dívida Ativa";"456.0";"";"";"5"
"A";"";"12299";"Prorrogação de cumprimento de pena/medida de segurança";"3.0";"";"";"3"
"A";"";"12300";"Nomeação";"3.0";"12301,12302,12303,12304,12305,12306";"12301,12302,12303,12304,12305,12306";"3"
"A";"";"12301";"Advogado Voluntário";"12300.0";"";"";"4"
"A";"";"12302";"Curador";"12300.0";"";"";"4"
"A";"";"12303";"Defensor Dativo";"12300.0";"";"";"4"
"A";"";"12304";"Intérprete/Tradutor";"12300.0";"";"";"4"
"A";"";"12305";"Outros auxiliares de justiça";"12300.0";"";"";"4"
"A";"";"12306";"Perito";"12300.0";"";"";"4"
"A";"";"12307";"Decretação de revelia";"3.0";"";"";"3"
"A";"2021-01-27 13:41:45";"12308";"Substituição/Sucessão da Parte";"817.0";"";"";"4"
"A";"";"12309";"Retirada";"12103.0";"";"";"4"
"A";"";"12310";"Pauta";"11009.0";"12311,12312,12313,12314";"12311,12312,12313,12314";"3"
"A";"";"12311";"Pedido de inclusão";"12310.0";"";"";"4"
"A";"2018-06-27 09:19:28";"12312";"Retirar pedido de inclusão";"12310.0";"";"";"4"
"A";"2024-09-26 13:23:17";"12313";"Pedido de Inclusão em Pauta de Sessão Virtual";"12310.0";"";"";"4"
"A";"2024-09-26 13:23:44";"12314";"Pedido de Retirada de Pauta de Sessão Virtual";"12310.0";"";"";"4"
"A";"";"12315";"Devolvidos os autos";"48.0";"";"";"3"
"A";"";"12318";"Reconhecimento de prevenção";"3.0";"";"";"3"
"A";"";"12319";"Não conhecimento do pedido";"218.0";"";"";"4"
"A";"";"12320";"Denegação de prevenção";"3.0";"";"";"3"
"A";"";"12321";"Parecer";"385.0";"12322,12323,12324";"12322,12323,12324";"4"
"A";"";"12322";"Favorável";"12321.0";"";"";"5"
"A";"";"12323";"Favorável em parte";"12321.0";"";"";"5"
"A";"";"12324";"Desfavorável";"12321.0";"";"";"5"
"A";"";"12325";"Perda do objeto";"456.0";"";"";"5"
"A";"";"12326";"Consulta";"385.0";"12327,12328";"12327,12328";"4"
"A";"";"12327";"Respondida";"12326.0";"";"";"5"
"A";"";"12328";"Respondida em parte";"12326.0";"";"";"5"
"A";"";"12329";"Pedido conhecido em parte e procedente";"385.0";"";"";"4"
"A";"";"12330";"Pedido conhecido em parte e procedente em parte";"385.0";"";"";"4"
"A";"";"12331";"Pedido conhecido em parte e improcedente";"385.0";"";"";"4"
"A";"";"12332";"Prorrogado prazo de conclusão";"3.0";"";"";"3"
"A";"";"12359";"Liminar Prejudicada";"3.0";"";"";"3"
"A";"";"12387";"Decisão de Saneamento e Organização";"3.0";"";"";"3"
"A";"2019-07-04 16:39:53";"12421";"Juízo provisório para medidas urgentes";"1013.0";"";"";"4"
"A";"2019-07-04 16:39:41";"12422";"Devolução da carta rogatória ao juízo rogante";"1013.0";"";"";"4"
"A";"";"12425";"Unificação de Medidas Socioeducativas";"3.0";"15234,15235";"15234,15235";"3"
"A";"";"12427";"Agravo em recurso especial ";"207.0";"";"";"4"
"A";"2019-02-08 18:42:28";"12428";"Reclamação";"206.0";"";"";"4"
"A";"";"12429";"Embargos de Divergência";"206.0";"";"";"4"
"A";"";"12430";"Arquivamento";"1013.0";"";"";"4"
"A";"";"12431";"Embargos ";"206.0";"";"";"4"
"A";"";"12432";"Afetação";"3.0";"";"";"3"
"A";"";"12433";"Conjunto Agravo e Recurso Especial";"385.0";"12434,12435,12436,12437,12438,12439,12440,12441,12442,12443";"12434,12435,12436,12438,12439,12440,12441,12442,12443";"4"
"A";"";"12434";"Conhecimento para dar provimento ao Recurso Especial ";"12433.0";"";"";"5"
"A";"";"12435";"Conhecimento para negar provimento ao recurso especial";"12433.0";"";"";"5"
"A";"";"12436";"Conhecimento para não conhecer do Recurso Especial";"12433.0";"";"";"5"
"A";"";"12438";"conhecimento para dar parcial provimento ao recurso especial";"12433.0";"";"";"5"
"A";"";"12439";"conhecimento para conhecer em parte o recurso especial e dar provimento ";"12433.0";"";"";"5"
"A";"";"12440";"conhecimento para conhecer em parte o recurso especial e negar provimento";"12433.0";"";"";"5"
"A";"";"12441";"Conhecimento para conhecer o recurso especial";"12433.0";"";"";"5"
"A";"";"12442";"conhecimento para conhecer em parte o recurso especial ";"12433.0";"";"";"5"
"A";"";"12443";"conhecimento em parte para dar provimento ao recurso especial";"12433.0";"";"";"5"
"A";"";"12444";"deferimento";"3.0";"";"";"3"
"A";"";"12445";"Recurso Ordinário";"206.0";"";"";"4"
"A";"";"12446";"Afetação tornada sem efeito";"206.0";"";"";"4"
"A";"2019-07-04 16:40:13";"12448";"Demonstração de existência de repercussão geral e  manifestação sobre a questão constitucional";"1013.0";"";"";"4"
"A";"";"12450";"impugnação à execução";"385.0";"12451,12452,12453";"12451,12452,12453";"4"
"A";"";"12451";"Procedência";"12450.0";"";"";"5"
"A";"";"12452";"procedência parcial";"12450.0";"";"";"5"
"A";"";"12453";"improcedência";"12450.0";"";"";"5"
"A";"";"12454";"Pedido de Uniformização de Interpretação de Lei";"206.0";"";"";"4"
"A";"";"12455";"Indeferimento";"3.0";"";"";"3"
"A";"";"12456";"Recurso Ordinário";"207.0";"";"";"4"
"A";"";"12457";"Expedição de precatório/rpv";"1013.0";"";"";"4"
"A";"";"12458";"Não conhecimento do habeas corpus";"218.0";"";"";"4"
"A";"";"12459";"Prejudicado";"218.0";"";"";"4"
"A";"";"12467";"Desistência de pedido";"378.0";"";"";"4"
"A";"2019-07-04 16:38:59";"12472";"Devolução dos autos à origem ";"1013.0";"";"";"4"
"A";"";"12473";"agravo em recurso especial ";"7.0";"";"";"4"
"A";"2019-07-04 16:39:08";"12474";"Distribuição";"1013.0";"";"";"4"
"A";"";"12475";"Habeas Corpus de ofício";"210.0";"";"";"5"
"A";"2024-11-12 17:01:46";"12476";"Medida Protetiva da Lei Maria da Penha Determinada por Autoridade Policial";"378.0";"";"";"4"
"A";"2021-09-28 14:57:59";"12477";"Não-Homologação";"3.0";"12478,15424";"15424";"3"
"A";"2024-11-12 17:12:46";"12479";"Medida Protetiva da Lei Maria da Penha Determinada por Autoridade Policial";"157.0";"";"";"4"
"A";"2022-09-22 11:40:04";"12522";"Auxiliar da Justiça";"14.0";"12523,12524,12525,15711,12528,12531,12532,12608,12529,12530,12533,12534,12609,12526,12527,12535,12536,12610,12537,12539,12540,12611,12538,15712,15713";"12523,12524,12525,15711,12528,12531,12532,12608,12529,12530,12533,12534,12609,12526,12527,12535,12536,12610,12537,12539,12540,12611,12538,15712,15713";"2"
"A";"";"12523";"Conciliador";"12522.0";"12528,12531,12532,12608";"12528,12531,12532,12608";"3"
"A";"";"12524";"Juiz Leigo";"12522.0";"12529,12530,12533,12534,12609";"12529,12530,12533,12534,12609";"3"
"A";"";"12525";"Mediador";"12522.0";"12526,12527,12535,12536,12610,12537,12539,12540,12611,12538";"12526,12527,12535,12536,12610,12537,12539,12540,12611,12538";"3"
"A";"";"12526";"Conciliação";"12525.0";"12535,12536,12610";"12535,12536,12610";"4"
"A";"";"12527";"Mediação";"12525.0";"12537,12539,12540,12611,12538";"12539,12540,12611";"4"
"A";"";"12528";"Conciliação";"12523.0";"12531,12532,12608";"12531,12532,12608";"4"
"A";"";"12529";"Decisão";"12524.0";"";"";"4"
"A";"";"12530";"Conciliação";"12524.0";"12533,12534,12609";"12533,12534,12609";"4"
"A";"";"12531";"Frutífera";"12528.0";"";"";"5"
"A";"";"12532";"Infrutífera";"12528.0";"";"";"5"
"A";"";"12533";"Frutífera";"12530.0";"";"";"5"
"A";"";"12534";"Infrutífera";"12530.0";"";"";"5"
"A";"";"12535";"Frutífera";"12526.0";"";"";"5"
"A";"";"12536";"Infrutífera";"12526.0";"";"";"5"
"A";"";"12539";"Infrutífera";"12527.0";"";"";"5"
"A";"";"12540";"Frutífera";"12527.0";"";"";"5"
"A";"";"12548";"Expedição de alvará de levantamento";"11009.0";"";"";"3"
"A";"2019-09-04 16:09:25";"12606";"Remessa negociação consumidor.gov.br";"48.0";"";"";"3"
"A";"";"12607";"Recebimento negociação consumidor.gov.br";"48.0";"";"";"3"
"A";"";"12608";"Parcial";"12528.0";"";"";"5"
"A";"";"12609";"Parcial";"12530.0";"";"";"5"
"A";"";"12610";"Parcial";"12526.0";"";"";"5"
"A";"";"12611";"Parcial";"12527.0";"";"";"5"
"A";"2022-09-20 15:45:44";"12614";"Remessa para o CEJUSC ou Centros de Conciliação/Mediação";"48.0";"";"";"3"
"A";"";"12616";"Composição Civil dos Danos";"973.0";"";"";"5"
"A";"2022-09-20 15:44:26";"12619";"Recebimento do CEJUSC ou Centros de Conciliação/Mediação";"48.0";"";"";"3"
"A";"2022-09-20 15:44:57";"12621";"Recebimento no CEJUSC ou Centros de Conciliação/Mediação";"48.0";"";"";"3"
"A";"";"12622";"Remessa para Câmara de Conciliação/Mediação";"48.0";"";"";"3"
"A";"";"12623";"Recebimento de Câmara de Conciliação/Mediação";"48.0";"";"";"3"
"A";"";"12624";"Audiência do art. 334 CPC";"970.0";"";"";"4"
"A";"";"12646";"Determinada a Redistribuição";"1013.0";"";"";"4"
"A";"";"12647";"Mantida a Distribuição do Processo";"3.0";"";"";"3"
"A";"";"12648";"Determinação de Diligência";"1013.0";"";"";"4"
"A";"2023-06-16 17:16:32";"12649";"Homologação do Pedido";"385.0";"";"";"4"
"A";"";"12650";"Não Homologado o Pedido";"385.0";"";"";"4"
"A";"";"12651";"Contas Não Prestação";"385.0";"";"";"4"
"A";"";"12652";"Contas Aprovadas";"385.0";"";"";"4"
"A";"";"12653";"Contas Desaprovadas";"385.0";"";"";"4"
"A";"";"12654";"Contas Aprovadas com Ressalvas";"385.0";"";"";"4"
"A";"";"12655";"Identificada Possível Dissidência Partidária";"48.0";"12656";"";"3"
"A";"";"12657";"Partido Movimentado";"48.0";"";"";"3"
"A";"";"12658";"Sistema de Candidaturas Fechado";"48.0";"";"";"3"
"A";"";"12659";"Totalização de Eleições Efetuada";"48.0";"";"";"3"
"A";"";"12660";"Deferimento do Pedido de Registro de Candidatura";"12678.0";"";"";"5"
"A";"2020-06-03 22:23:27";"12661";"Impugnação do Registro de Candidatura";"385.0";"12666,12667,12668,12669,12670,12672,12673,12674,12675,12676,12677,12792,12671";"12666,12667,12668,12669,12670,12672,12673,12674,12675,12676,12677,12792,12671";"4"
"A";"";"12662";"Cassação do Registro de Candidatura";"12678.0";"";"";"5"
"A";"";"12663";"Cancelamento do Pedido de Registro de Candidatura";"12678.0";"";"";"5"
"A";"";"12664";"Movimentar Partido";"385.0";"";"";"4"
"A";"";"12666";"Procedência da Impugnação (Registro Deferido)";"12661.0";"";"";"5"
"A";"";"12667";"Procedência da Impugnação (Registro Indeferido)";"12661.0";"";"";"5"
"A";"";"12668";"Procedência em Parte da Impugnação (Registro Deferido)";"12661.0";"";"";"5"
"A";"";"12669";"Procedência em Parte da Impugnação (Registro Indeferido)";"12661.0";"";"";"5"
"A";"";"12670";"Procedência em Parte da Impugnação (Registro Cancelado)";"12661.0";"12671";"";"5"
"A";"";"12672";"Procedência em Parte da Impugnação (Registro Cassado)";"12661.0";"";"";"5"
"A";"";"12673";"Não-Procedência da Impugnação (Registro Deferido)";"12661.0";"";"";"5"
"A";"2020-09-17 15:30:06";"12674";"Não-Procedência da Impugnação (Registro Indeferido)";"12661.0";"";"";"5"
"A";"";"12675";"Não-Procedência da Impugnação (Registro Cancelado)";"12661.0";"";"";"5"
"A";"";"12676";"Não-Procedência da Impugnação (Registro Cassado)";"12661.0";"";"";"5"
"A";"2020-09-17 15:30:36";"12677";"Procedência da Impugnação (Registro Cancelado)";"12661.0";"";"";"5"
"A";"";"12678";"Registro de Candidatura";"385.0";"12660,12662,12663,12679,12680,12681,12682,12683,12684,12685,12686,12687,12688,12689,12690,12691,12692,12693,12694,12695,12696,12697,12698,12699,12700,12701,12702,12703,12704,12705,12706,12707,12708,14210,14211,14213,14214,14215,14216,14217,15023,15024";"12660,12662,12663,12679,12680,12681,12682,12683,12684,12685,12686,12687,12688,12689,12690,12691,12692,12693,12694,12695,12696,12697,12698,12699,12700,12701,12702,12703,14210,14211,14213,14214,14215,14216,14217,15023,15024";"4"
"A";"";"12679";"Provimento (Registro Deferido)";"12678.0";"";"";"5"
"A";"";"12680";"Provimento (Registro Indeferido)";"12678.0";"";"";"5"
"A";"";"12681";"Provimento (Registro Cancelado)";"12678.0";"";"";"5"
"A";"";"12682";"Provimento (Registro Cassado)";"12678.0";"";"";"5"
"A";"";"12683";"Provimento (Registro Sem Julgamento)";"12678.0";"";"";"5"
"A";"";"12684";"Provimento em Parte (Registro Deferido)";"12678.0";"";"";"5"
"A";"";"12685";"Provimento em Parte (Registro Indeferido)";"12678.0";"";"";"5"
"A";"";"12686";"Provimento em Parte (Registro Cancelado)";"12678.0";"";"";"5"
"A";"";"12687";"Provimento em Parte (Registro Cassado)";"12678.0";"";"";"5"
"A";"";"12688";"Provimento em Parte (Registro Sem Julgamento)";"12678.0";"";"";"5"
"A";"";"12689";"Não-Provimento (Registro Deferido)";"12678.0";"";"";"5"
"A";"";"12690";"Não-Provimento (Registro Indeferido)";"12678.0";"";"";"5"
"A";"";"12691";"Não-Provimento (Registro Cancelado)";"12678.0";"";"";"5"
"A";"";"12692";"Não-Provimento (Registro Cassado)";"12678.0";"";"";"5"
"A";"";"12693";"Não-Provimento (Registro Sem Julgamento)";"12678.0";"";"";"5"
"A";"";"12694";"Acolhimento (Registro Deferido)";"12678.0";"";"";"5"
"A";"";"12695";"Acolhimento (Registro Indeferido)";"12678.0";"";"";"5"
"A";"";"12696";"Acolhimento (Registro Cancelado)";"12678.0";"";"";"5"
"A";"";"12697";"Acolhimento (Registro Cassado)";"12678.0";"";"";"5"
"A";"";"12698";"Acolhimento (Registro Sem Julgamento)";"12678.0";"";"";"5"
"A";"";"12699";"Não-Acolhimento (Registro Deferido)";"12678.0";"";"";"5"
"A";"";"12700";"Não-Acolhimento (Registro Indeferido)";"12678.0";"";"";"5"
"A";"";"12701";"Não-Acolhimento (Registro Cancelado)";"12678.0";"";"";"5"
"A";"";"12702";"Não-Acolhimento (Registro Cassado)";"12678.0";"";"";"5"
"A";"";"12703";"Não-Acolhimento (Registro Sem Julgamento)";"12678.0";"";"";"5"
"A";"";"12709";"Registro de Candidatura";"218.0";"12710,12711,12712,12713,12714,12715,12716,12717,12718,12719,12720,12721,12722,12723,12724,14218";"12710,12711,12712,12713,12714,12715,12716,12717,12718,12719,12720,12721,12722,12723,12724,14218";"4"
"A";"";"12710";"Anulação de Acórdão (Registro Deferido)";"12709.0";"";"";"5"
"A";"";"12711";"Anulação de Acórdao (Registro Indeferido)";"12709.0";"";"";"5"
"A";"";"12712";"Anulação de Acórdão (Registro Cancelado)";"12709.0";"";"";"5"
"A";"";"12713";"Anulação de Acórdão (Registro Cassado)";"12709.0";"";"";"5"
"A";"";"12714";"Anulação de Acórdão (Registro Sem Julgamento)";"12709.0";"";"";"5"
"A";"";"12715";"Não Conhecimento (Registro Deferido)";"12709.0";"";"";"5"
"A";"";"12716";"Não Conhecimento (Registro Indeferido)";"12709.0";"";"";"5"
"A";"";"12717";"Não Conhecimento (Registro Cancelado)";"12709.0";"";"";"5"
"A";"";"12718";"Não Conhecimento (Registro Cassado)";"12709.0";"";"";"5"
"A";"";"12719";"Não Conhecimento (Registro Sem Julgamento)";"12709.0";"";"";"5"
"A";"";"12720";"Negação de Seguimento (Registro Deferido)";"12709.0";"";"";"5"
"A";"";"12721";"Negação de Seguimento (Registro Indeferido)";"12709.0";"";"";"5"
"A";"";"12722";"Negação de Seguimento (Registro Cancelado)";"12709.0";"";"";"5"
"A";"";"12723";"Negação de Seguimento (Registro Cassado)";"12709.0";"";"";"5"
"A";"";"12724";"Negação de Seguimento (Registro Sem Julgamento)";"12709.0";"";"";"5"
"A";"";"12733";"Homologação do Acordo de Não Persecução Penal";"378.0";"";"";"4"
"A";"";"12734";"Revogação do Acordo de Não Persecução Penal";"157.0";"";"";"4"
"A";"2024-03-15 14:22:29";"12735";"Cumprimento de ANPP";"973.0";"";"";"5"
"A";"";"12736";"Unificação de Processos de Execução";"3.0";"";"";"3"
"A";"";"12737";"Revogação da Suspensão Condicional do Processo";"157.0";"";"";"4"
"A";"";"12738";"Homologação de Transação Penal";"385.0";"";"";"4"
"A";"2020-06-17 14:36:57";"12739";"Admonitória";"970.0";"";"";"4"
"A";"";"12740";"de Conciliação";"970.0";"";"";"4"
"A";"";"12741";"de Acolhimento";"970.0";"";"";"4"
"A";"";"12742";"de Custódia";"970.0";"";"";"4"
"A";"";"12743";"de Interrogatório";"970.0";"";"";"4"
"A";"";"12744";"de Justificação";"970.0";"15237";"";"4"
"A";"";"12745";"do art. 16 da Lei 11.340";"970.0";"";"";"4"
"A";"";"12746";"em Execução";"970.0";"";"";"4"
"A";"";"12747";"Inicial";"970.0";"12748";"";"4"
"A";"";"12749";"de Instrução";"970.0";"";"";"4"
"A";"";"12750";"de Instrução e Julgamento";"970.0";"";"";"4"
"A";"";"12751";"de Julgamento";"970.0";"";"";"4"
"A";"";"12752";"de Mediação";"970.0";"";"";"4"
"A";"";"12753";"Preliminar";"970.0";"";"";"4"
"A";"";"12768";"Manutenção de Acórdão";"3.0";"";"";"3"
"A";"2020-07-15 16:30:23";"12769";"Desclassificação de Delito";"3.0";"";"";"3"
"A";"2020-09-17 15:30:51";"12792";"Procedência da Impugnação (Registro Cassado)";"12661.0";"";"";"5"
"A";"";"14091";"Devolvidos os autos após Pedido de Vista";"48.0";"";"";"3"
"A";"";"14092";"Voto";"1.0";"14093,14094,14095";"14093,14094,14095";"2"
"A";"";"14093";"Voto do Relator";"14092.0";"";"";"3"
"A";"";"14094";"Voto Divergente Vencedor";"14092.0";"";"";"3"
"A";"";"14095";"Outros Votos";"14092.0";"";"";"3"
"A";"";"14096";"Audiência Pública";"970.0";"";"";"4"
"A";"";"14099";"Homologação de Acordo em Execução ou em Cumprimento de Sentença";"385.0";"";"";"4"
"A";"";"14210";"Indeferimento do Pedido de Registro de Candidatura";"12678.0";"";"";"5"
"A";"";"14211";"Homologação da Renúncia ao Registro de Candidatura";"12678.0";"";"";"5"
"A";"2021-01-25 16:40:22";"14212";"Sistema de Candidaturas Reaberto";"48.0";"";"";"3"
"A";"";"14213";"Acolhimento em Parte (Registro Deferido)";"12678.0";"";"";"5"
"A";"";"14214";"Acolhimento em Parte (Registro Indeferido)";"12678.0";"";"";"5"
"A";"";"14215";"Acolhimento em Parte (Registro Cancelado)";"12678.0";"";"";"5"
"A";"";"14216";"Acolhimento em Parte (Registro Cassado)";"12678.0";"";"";"5"
"A";"";"14217";"Acolhimento em Parte (Registro sem Julgamento)";"12678.0";"";"";"5"
"A";"";"14218";"Anulação de Sentença (Registro Sem Julgamento)";"12709.0";"";"";"5"
"A";"";"14219";"Contas Regularizadas";"385.0";"";"";"4"
"A";"";"14231";"Impugnação ao Cumprimento de Sentença";"3.0";"14232,14233,14234,14235";"14232,14233,14234,14235";"3"
"A";"";"14232";"Acolhimento";"14231.0";"";"";"4"
"A";"";"14233";"Não-Acolhimento";"14231.0";"";"";"4"
"A";"";"14234";"Acolhimento em Parte";"14231.0";"";"";"4"
"A";"";"14235";"Rejeição";"14231.0";"";"";"4"
"A";"";"14680";"Exequatur";"214.0";"";"";"5"
"A";"2024-11-12 16:17:20";"14681";"Descumprimento de Medida Protetiva da Lei Maria Penha";"3.0";"";"";"3"
"A";"";"14682";"Medida Cautelar Diversa da Prisão";"817.0";"";"";"4"
"A";"";"14683";"Medida Cautelar Diversa da Prisão";"157.0";"";"";"4"
"A";"";"14702";"Incidente ou Cautelar - Procedimento Resolvido";"3.0";"";"";"3"
"A";"";"14732";"Conversão de Autos Físicos em Eletrônicos";"48.0";"";"";"3"
"A";"";"14736";"Inclusão no Juízo 100% Digital";"48.0";"";"";"3"
"A";"";"14737";"Exclusão do Juízo 100% Digital";"48.0";"";"";"3"
"A";"";"14738";"Retificação de Classe Processual";"48.0";"";"";"3"
"A";"";"14739";"Evolução da Classe Processual";"48.0";"";"";"3"
"A";"";"14776";"Homologação em Parte";"3.0";"";"";"3"
"A";"2023-08-08 08:17:15";"14777";"Sentença Estrangeira";"385.0";"";"";"4"
"A";"2023-08-08 08:17:38";"14778";"Sentença Estrangeira";"385.0";"";"";"4"
"A";"";"14848";"Ausência de Requerimento Administrativo Prévio";"456.0";"";"";"5"
"A";"";"14901";"Perícia";"48.0";"14903,14904,14905,14906,14907,14908";"14903,14904,14905,14906,14907,14908";"3"
"A";"";"14903";"Determinada/Designada";"14901.0";"";"";"4"
"A";"";"14904";"Agendada";"14901.0";"";"";"4"
"A";"";"14905";"Realizada";"14901.0";"";"";"4"
"A";"";"14906";"Cancelada";"14901.0";"";"";"4"
"A";"";"14907";"Reagendada";"14901.0";"";"";"4"
"A";"";"14908";"Não Realizada";"14901.0";"";"";"4"
"A";"";"14937";"Acolhimento da Justificativa do Mesário Faltoso ou Dispensa de Multa";"385.0";"";"";"4"
"A";"";"14961";"Erro ou Recusa na Comunicação";"12281.0";"";"";"4"
"A";"2021-12-01 17:15:13";"14968";"Por Incidente de Assunção de Competência - IAC";"25.0";"";"";"4"
"A";"";"14969";"Por Grupo de Representativos";"25.0";"";"";"4"
"A";"";"14970";"Por Controvérsia";"25.0";"";"";"4"
"A";"";"14971";"Por Ação de Controle Concentrado de Constitucionalidade";"25.0";"";"";"4"
"A";"";"14972";"Por Decisão do Presidente do TST - SIRDR";"25.0";"";"";"4"
"A";"2022-10-11 16:03:43";"14973";"Por Recurso de Revista Repetitivo";"25.0";"";"";"4"
"A";"";"14974";"Levantamento da Causa Suspensiva ou de Sobrestamento";"48.0";"14975,14976,14977,14978,14979,14980,14981,14982,14983,14984,14985,15414,15416";"14975,14976,14977,14978,14979,14980,14981,14982,14983,14984,14985,15414,15416";"3"
"A";"";"14975";"Suspensão/Sobrestamento por Recurso Extraordinário com Repercussão Geral";"14974.0";"";"";"4"
"A";"";"14976";"Suspensão/Sobrestamento por Recurso Especial Repetitivo";"14974.0";"";"";"4"
"A";"";"14977";"Suspensão/Sobrestamento Determinada por Decisão do Presidente do STF - SIRDR";"14974.0";"";"";"4"
"A";"";"14978";"Suspensão/Sobrestamento Determinada por Decisão do Presidente do STJ - SIRDR";"14974.0";"";"";"4"
"A";"";"14979";"Suspensão/Sobrestamento Determinada por Incidente de Assunção de Competência - IAC";"14974.0";"";"";"4"
"A";"";"14980";"Suspensão/Sobrestamento Determinada por Grupo de Representativos";"14974.0";"";"";"4"
"A";"";"14981";"Suspensão/Sobrestamento Determinada por Controvérsia";"14974.0";"";"";"4"
"A";"";"14982";"Suspensão/Sobrestamento Determinada por Ação de Controle Concentrado de Constitucionalidade  - STF";"14974.0";"";"";"4"
"A";"";"14983";"Suspensão/Sobrestamento Determinada por Decisão do Presidente do TST - SIRDR";"14974.0";"";"";"4"
"A";"";"14984";"Suspensão/Sobrestamento Determinada por Recurso de Revista Repetitivo";"14974.0";"";"";"4"
"A";"";"14985";"Suspensão/Sobrestamento por Incidente de Resolução de Demandas Repetitivas";"14974.0";"";"";"4"
"A";"";"14997";"Arquivamento Provisório - Aguardando Captura de Réu Condenado";"861.0";"";"";"4"
"A";"2023-06-09 15:01:59";"14998";"Arquivamento Provisório - Adolescente Aguardando Apreensão";"861.0";"";"";"4"
"A";"2021-12-03 16:39:25";"14999";"Iniciada Tramitação Direta entre MP e Autoridade Policial";"48.0";"";"";"3"
"A";"";"15000";"Finalizada Tramitação Direta entre MP e Autoridade Policial";"48.0";"";"";"3"
"A";"";"15009";"Por Impedimento ou Suspeição";"11025.0";"";"";"4"
"A";"";"15021";"Destaque para Julgamento Presencial";"12198.0";"";"";"4"
"A";"";"15022";"Rejeição de Justificativa do Mesário Faltoso ou Manutenção de Multa";"385.0";"";"";"4"
"A";"";"15023";"DRAP Deferido";"12678.0";"";"";"5"
"A";"";"15024";"DRAP Indeferido";"12678.0";"";"";"5"
"A";"";"15025";"Revogação da Transação Penal";"157.0";"";"";"4"
"A";"";"15026";"Cancelamento de Inscrição Eleitoral";"385.0";"";"";"4"
"A";"";"15027";"Manutenção da Inscrição Eleitoral";"385.0";"";"";"4"
"A";"2022-03-22 17:23:59";"15028";"Acolhimento de Pedido de Inclusão em Lista Especial";"385.0";"";"";"4"
"A";"";"15029";"Indeferimento de Pedido de Inclusão em Lista Especial";"385.0";"";"";"4"
"A";"";"15030";"Cancelamento de Filiação Partidária";"385.0";"";"";"4"
"A";"";"15032";"Manutenção da Prisão Preventiva";"108.0";"";"";"4"
"A";"";"15045";"Audiência de Apresentação de Adolescente";"970.0";"";"";"4"
"A";"";"15049";"Audiência Concentrada Protetiva";"970.0";"";"";"4"
"A";"";"15050";"Audiência Concentrada Infracional";"970.0";"";"";"4"
"A";"2022-06-01 16:17:34";"15057";"Admissão de Recurso de Embargos à SDI/TST";"206.0";"";"";"4"
"A";"";"15058";"Admissão de Recurso de Embargos à SDC/TST";"206.0";"";"";"4"
"A";"";"15059";"Não Admissão de Recurso de Embargos à SDI/TST";"207.0";"";"";"4"
"A";"";"15060";"Não Admissão de Recurso de Embargos à SDC/TST";"207.0";"";"";"4"
"A";"";"15061";"Impugnação aos Cálculos de Liquidação";"3.0";"15062,15063,15064,15065";"15062,15063,15064,15065";"3"
"A";"";"15062";"Acolhimento";"15061.0";"";"";"4"
"A";"";"15063";"Acolhimento em Parte";"15061.0";"";"";"4"
"A";"";"15064";"Não Acolhimento";"15061.0";"";"";"4"
"A";"";"15065";"Não Admissão";"15061.0";"";"";"4"
"A";"";"15067";"REsp Sobrestado por Possível Prejudicialidade de RE";"25.0";"";"";"4"
"A";"2023-08-08 08:16:46";"15078";"Substituição de Medida Socioeducativa";"817.0";"";"";"4"
"A";"";"15079";"Suspensão de Medida Socioeducativa";"817.0";"";"";"4"
"A";"";"15080";"Reavaliação de Medida Socioeducativa";"1013.0";"";"";"4"
"A";"";"15081";"Busca e Apreensão de Adolescente";"1013.0";"";"";"4"
"A";"";"15082";"Revogação de Internação de Adolescente";"3.0";"";"";"3"
"A";"2023-08-08 08:17:45";"15083";"Manutenção de Internação Provisória";"15232.0";"";"";"4"
"A";"";"15084";"Desinternação de Adolescente";"3.0";"";"";"3"
"A";"";"15085";"Emenda à Inicial";"1013.0";"";"";"4"
"A";"";"15086";"Deferimento em Parte";"3.0";"";"";"3"
"A";"";"15092";"Registro de Candidatura";"48.0";"15093,15094,15095,15096,15097,15098,15099,15100,15157,15158";"15093,15094,15095,15096,15097,15098,15099,15100,15157,15158";"3"
"A";"";"15093";"Cancelamento de Diplomação";"15092.0";"";"";"4"
"A";"";"15094";"Pendência de Diplomação";"15092.0";"";"";"4"
"A";"";"15095";"Diplomação";"15092.0";"";"";"4"
"A";"";"15096";"Alteração da Declaração de Bens";"15092.0";"";"";"4"
"A";"";"15097";"Alteração do Nome para Urna";"15092.0";"";"";"4"
"A";"";"15098";"Alteração da Foto";"15092.0";"";"";"4"
"A";"";"15099";"Alteração do Número do Candidato";"15092.0";"";"";"4"
"A";"";"15100";"Alteração da Data de Nascimento do Candidato";"15092.0";"";"";"4"
"A";"";"15101";"Conclusão";"12289.0";"";"";"4"
"A";"";"15102";"Sessão Restaurativa";"48.0";"15714,15715,15716";"15714,15715,15716";"3"
"A";"";"15103";"Gratuidade da Justiça";"888.0";"";"";"4"
"A";"";"15157";"Registro de Falecimento";"15092.0";"";"";"4"
"A";"";"15158";"Registro de Renúncia";"15092.0";"";"";"4"
"A";"";"15162";"Acolhimento de Embargos de Declaração";"3.0";"";"";"3"
"A";"";"15163";"Acolhimento em Parte de Embargos de Declaração";"3.0";"";"";"3"
"A";"";"15164";"Não Acolhimento de Embargos de Declaração";"3.0";"";"";"3"
"A";"";"15165";"Resolução Aprovada";"385.0";"";"";"4"
"A";"";"15166";"Resolução Desaprovada";"385.0";"";"";"4"
"A";"";"15168";"De Liquidação, Cumprimento de Sentença ou Execução por Nulidade da Fase de Conhecimento ";"12289.0";"";"";"4"
"A";"";"15183";"Pedido de Uniformização de Interpretação de Lei";"207.0";"";"";"4"
"A";"";"15185";"Cooperação Judiciária";"1.0";"";"";"2"
"A";"";"15186";"Cooperação Judiciária";"48.0";"";"";"3"
"A";"";"15188";"Audiência de Depoimento Especial";"970.0";"";"";"4"
"A";"";"15200";"Manutenção da Medida Socioeducativa";"1013.0";"";"";"4"
"A";"";"15201";"Homologação do Plano Individual de Atendimento (PIA)";"378.0";"";"";"4"
"A";"";"15202";"Determinação de Alteração ou Complementação do Plano Individual de Atendimento (PIA)";"1013.0";"";"";"4"
"A";"";"15203";"Manutenção de Sentença/Decisão Anterior - Infância e Juventude";"3.0";"";"";"3"
"A";"";"15204";"Não Localização do Adolescente";"25.0";"";"";"4"
"A";"";"15205";"Manutenção de Acolhimento Institucional/em Família Acolhedora";"3.0";"";"";"3"
"A";"";"15206";"Desacolhimento Institucional/de Família Acolhedora";"3.0";"";"";"3"
"A";"";"15207";"Aproximação de Pretendente à Adoção";"1008.0";"";"";"4"
"A";"";"15208";"Aproximação de Pretendente à Adoção";"157.0";"";"";"4"
"A";"";"15209";"Busca Ativa para Adoção";"1008.0";"";"";"4"
"A";"";"15210";"Busca Ativa para Adoção";"157.0";"";"";"4"
"A";"";"15211";"Procedência do Pedido com Aplicação de Medida Socioeducativa";"385.0";"";"";"4"
"A";"";"15212";"Procedência do Pedido sem Aplicação de Medida Socioeducativa";"385.0";"";"";"4"
"A";"";"15213";"Procedência em Parte do Pedido com Aplicação de Medida Socioeducativa";"385.0";"";"";"4"
"A";"";"15214";"Procedência em Parte do Pedido sem Aplicação de Medida Socioeducativa";"385.0";"";"";"4"
"A";"";"15216";"Determinação de Citação";"11009.0";"";"";"3"
"A";"";"15223";"Prejudicado o Pedido";"3.0";"";"";"3"
"A";"";"15225";"Indicação de Recurso como Representativo de Controvérsia";"11009.0";"";"";"3"
"A";"";"15226";"Rejeição de Recurso Como Representativo de Controvérsia";"11009.0";"";"";"3"
"A";"";"15227";"Reconsideração de Recurso como Representativo de Controvérsia";"11009.0";"";"";"3"
"A";"";"15229";"Indeferimento de Internação";"3.0";"15230,15231";"15230,15231";"3"
"A";"";"15230";"Provisória";"15229.0";"";"";"4"
"A";"";"15231";"Sanção";"15229.0";"";"";"4"
"A";"";"15232";"Manutenção da Internação";"3.0";"15083,15233";"15083,15233";"3"
"A";"";"15233";"Sanção";"15232.0";"";"";"4"
"A";"";"15234";"Sem Reinício de Prazo";"12425.0";"";"";"4"
"A";"";"15235";"Com Reinício de Prazo";"12425.0";"";"";"4"
"A";"";"15238";"Homologação de Acordo ou Transação";"11025.0";"";"";"4"
"A";"";"15244";"Homologação de Acordo Parcial em Execução ou em Cumprimento de Sentença";"3.0";"";"";"3"
"A";"";"15245";"Unificação de Medida Socioeducativa";"456.0";"";"";"5"
"A";"";"15246";"Não Confirmada";"12286.0";"";"";"5"
"A";"";"15247";"Por Expedição de Precatório";"25.0";"";"";"4"
"A";"";"15248";"Por Expedição de RPV";"25.0";"";"";"4"
"A";"2023-09-26 16:35:20";"15249";"Morte do Adolescente/Socioeducando";"456.0";"";"";"5"
"A";"";"15250";"Aplicação de Pena Privativa de Liberdade ao Adolescente/Socioeducando";"456.0";"15251";"15251";"5"
"A";"";"15251";"Condição de Doença Grave do Adolescente/Socioeducando";"15250.0";"";"";"6"
"A";"";"15252";"Extinção do processo de execução de medida socioeducativa em razão da perda do caráter pedagógico";"385.0";"";"";"4"
"A";"";"15253";"Concessão de Remissão a Adolescente com Extinção do Processo";"218.0";"15254,15255,15256,15257,15258,15259";"15254,15255,15256,15257,15258,15259";"4"
"A";"";"15254";"Justiça Restaurativa";"15253.0";"";"";"5"
"A";"";"15255";"Sem Medida Socioeducativa";"15253.0";"";"";"5"
"A";"";"15256";"Liberdade Assistida";"15253.0";"";"";"5"
"A";"";"15257";"Prestação de Serviços à Comunidade";"15253.0";"";"";"5"
"A";"";"15258";"Reparação de Dano";"15253.0";"";"";"5"
"A";"";"15259";"Advertência";"15253.0";"";"";"5"
"A";"";"15260";"Homologada a Remissão";"218.0";"15261,15262,15263,15264,15265,15266";"15261,15262,15263,15264,15265,15266";"4"
"A";"";"15261";"Justiça Restaurativa";"15260.0";"";"";"5"
"A";"";"15262";"Sem Medida Socioeducativa";"15260.0";"";"";"5"
"A";"";"15263";"Liberdade Assistida";"15260.0";"";"";"5"
"A";"";"15264";"Prestação de Serviços à Comunidade";"15260.0";"";"";"5"
"A";"";"15265";"Reparação do Dano";"15260.0";"";"";"5"
"A";"";"15266";"Advertência";"15260.0";"";"";"5"
"A";"";"15322";"Extinção da Pena - Cumprimento de Sursis";"973.0";"";"";"5"
"A";"";"15366";"Acolhimento em Parte de Exceção de Pré-Executividade";"3.0";"";"";"3"
"A";"";"15408";"Não Conhecimento de Embargos de Declaração";"218.0";"";"";"4"
"A";"";"15409";"Não Conhecimento de Embargos de Declaração";"3.0";"";"";"3"
"A";"";"15413";"Ação Coletiva";"25.0";"";"";"4"
"A";"";"15414";"Ação Coletiva";"14974.0";"";"";"4"
"A";"2024-09-26 13:57:20";"15415";"Incidente de Resolução de Demandas Repetitivas do TST";"25.0";"";"";"4"
"A";"";"15416";"Suspensão/Sobrestamento por Incidente de Resolução de Demandas Repetitivas do TST";"14974.0";"";"";"4"
"A";"";"15417";"Migração de Sistema Eletrônico";"48.0";"";"";"3"
"A";"";"15418";"Por Divergência de Entendimento com TST";"12765.0";"";"";"4"
"A";"";"15420";"Acolhimento de Proposta de Afetação";"12198.0";"";"";"4"
"A";"";"15421";"Rejeição de Proposta de Afetação";"12198.0";"";"";"4"
"A";"";"15422";"Suspensão para Submissão de Proposta de Afetação";"12198.0";"";"";"4"
"A";"";"15424";"Não Homologação de ANPP";"12477.0";"";"";"4"
"A";"";"15425";"Aguardando Apresentação ou Captura de Desertor";"25.0";"";"";"4"
"A";"";"15426";"Captura ou Apresentação de Desertor";"108.0";"";"";"4"
"A";"";"15427";"Audiência de Admoestação";"970.0";"";"";"4"
"A";"";"15486";"Medida Protetiva da Lei Maria da Penha";"817.0";"";"";"4"
"A";"";"15487";"Medida Protetiva da Lei Maria da Penha";"888.0";"";"";"4"
"A";"";"15488";"Medida Protetiva da Lei Maria da Penha";"968.0";"";"";"4"
"A";"";"15489";"Medida Protetiva da Lei Maria da Penha";"157.0";"";"";"4"
"A";"";"15490";"Prorrogação de Medida Protetiva da Lei Maria da Penha";"3.0";"";"";"3"
"A";"";"15491";"Medida Protetiva da Lei Henry Borel";"817.0";"";"";"4"
"A";"";"15492";"Medida Protetiva da Lei Henry Borel";"888.0";"";"";"4"
"A";"";"15493";"Medida Protetiva da Lei Henry Borel";"968.0";"";"";"4"
"A";"";"15494";"Medida Protetiva da Lei Henry Borel";"157.0";"";"";"4"
"A";"";"15495";"Prorrogação de Medida Protetiva da Lei Henry Borel";"3.0";"";"";"3"
"A";"";"15496";"Medida de Proteção do Estatuto do Idoso";"817.0";"";"";"4"
"A";"";"15497";"Medida de Proteção do Estatuto do Idoso";"888.0";"";"";"4"
"A";"";"15498";"Medida de Proteção do Estatuto do Idoso";"968.0";"";"";"4"
"A";"";"15499";"Medida de Proteção do Estatuto do Idoso";"157.0";"";"";"4"
"A";"2024-11-12 18:57:42";"15500";"Prorrogação de Medida de Proteção do Estatuto do Idoso";"3.0";"";"";"3"
"A";"";"15501";"Medida de Proteção do Estatuto da Criança e do Adolescente";"817.0";"";"";"4"
"A";"";"15502";"Medida de Proteção do Estatuto da Criança e do Adolescente";"888.0";"";"";"4"
"A";"";"15503";"Medida de Proteção do Estatuto da Criança e do Adolescente";"968.0";"";"";"4"
"A";"";"15504";"Medida de Proteção do Estatuto da Criança e do Adolescente";"157.0";"";"";"4"
"A";"";"15505";"Prorrogação de Medida de Proteção do Estatuto da Criança e do Adolescente";"3.0";"";"";"3"
"A";"";"15506";"Medida de Proteção da Lei 13.431/2017";"817.0";"";"";"4"
"A";"";"15507";"Medida de Proteção da Lei 13.431/2017";"888.0";"";"";"4"
"A";"";"15508";"Medida de Proteção da Lei 13.431/2017";"968.0";"";"";"4"
"A";"";"15509";"Medida de Proteção da Lei 13.431/2017";"157.0";"";"";"4"
"A";"2024-11-13 14:07:33";"15510";"Prorrogação de Medida de Proteção da Lei 13.431/2017";"3.0";"";"";"3"
"A";"";"15530";"Iniciada Tramitação Interna do PIC do MP";"48.0";"";"";"3"
"A";"";"15531";"Finalizada Tramitação Interna do PIC no MP";"48.0";"";"";"3"
"A";"";"15538";"Menagem";"817.0";"15539,15540";"15539,15540";"4"
"A";"";"15539";"Menagem-Liberdade";"15538.0";"";"";"5"
"A";"";"15540";"Menagem-Prisão";"15538.0";"";"";"5"
"A";"";"15541";"Menagem";"968.0";"";"";"4"
"A";"";"15542";"Menagem";"157.0";"";"";"4"
"A";"";"15547";"Erro/Falha na Intimação";"12264.0";"";"";"5"
"A";"";"15548";"Erro/Falha na Citação";"12286.0";"";"";"5"
"A";"";"15561";"Envio para Juízo de Retratação";"11009.0";"15562,15563,15564,15565";"15562,15563,15564,15565";"3"
"A";"";"15562";"Por Divergência de Entendimento com o STF";"15561.0";"";"";"4"
"A";"";"15563";"Por Divergência de Entendimento com o STJ";"15561.0";"";"";"4"
"A";"";"15564";"Por Divergência de Entendimento com o TST";"15561.0";"";"";"4"
"A";"";"15565";"Por Divergência de Entendimento com a TNU";"15561.0";"";"";"4"
"A";"";"15569";"Para Homologação de Acordo de Não Persecução Penal";"970.0";"";"";"4"
"A";"";"15579";"Reabilitação Criminal";"968.0";"";"";"4"
"A";"";"15580";"Reabilitação Criminal";"817.0";"";"";"4"
"A";"";"15581";"Reabilitação Criminal";"157.0";"";"";"4"
"A";"";"15582";"Indulto";"968.0";"";"";"4"
"A";"";"15583";"Comutação";"968.0";"";"";"4"
"A";"";"15585";"Oficina de Pais";"48.0";"";"";"3"
"A";"";"15587";"Descumprimento de Medida Protetiva da Lei Henry Borel";"3.0";"";"";"3"
"A";"";"15589";"Homologação de Cálculos";"378.0";"";"";"4"
"A";"";"15621";"Negação de Seguimento ao Recurso Extraordinário (Tema RG)";"3.0";"";"";"3"
"A";"2025-09-02 18:19:33";"15622";"Negação de Seguimento ao Recurso Especial (Tema Repetitivo)";"3.0";"";"";"3"
"A";"";"15625";"Devolução de Autos - Tema Repetitivo IAC do STJ";"3.0";"";"";"3"
"A";"";"15626";"Devolução de Autos - Afetação de Tema de Repercussão Geral";"3.0";"";"";"3"
"A";"";"15627";"Devolução de Autos - Afetação de Tema Repetitivo";"3.0";"";"";"3"
"A";"";"15693";"Negação de Seguimento a Recurso de Revista por Uniformização de Tese em Recurso Repetitivo";"3.0";"";"";"3"
"A";"";"15695";"Remessa para Admissibilidade Recursal";"48.0";"";"";"3"
"A";"";"15696";"Remessa ao Relator para Diligências";"48.0";"";"";"3"
"A";"";"15711";"Facilitador";"12522.0";"15712,15713";"15712,15713";"3"
"A";"";"15712";"Realização Frutífera de Procedimentos Restaurativos";"15711.0";"";"";"4"
"A";"";"15713";"Realização Infrutífera de Procedimentos Restaurativos";"15711.0";"";"";"4"
"A";"";"15714";"Sessão Restaurativa - Pré-Encontro";"15102.0";"";"";"4"
"A";"";"15715";"Sessão Restaurativa - Encontro";"15102.0";"";"";"4"
"A";"";"15716";"Sessão Restaurativa Pós-Encontro";"15102.0";"";"";"4"
"A";"";"15717";"Derivação para a Justiça Restaurativa";"1013.0";"";"";"4"
"A";"";"15718";"Remessa para a Justiça Restaurativa";"48.0";"";"";"3"
"A";"";"15719";"Recebido na Justiça Restaurativa";"48.0";"";"";"3"
"A";"2026-04-09 13:40:45";"15721";"Citação Realizada";"12284.0";"";"";"4"
"A";"";"15725";"Cientificação sobre Ausência de Localização do Devedor ou de seus Bens";"48.0";"";"";"3"
"A";"";"15726";"Citação Expedida";"12284.0";"";"";"4"
"A";"";"15727";"Citação Não Realizada";"12284.0";"";"";"4"
"A";"";"15728";"Intimação Realizada";"12263.0";"";"";"4"
"A";"";"15729";"Intimação Expedida";"12263.0";"";"";"4"
"A";"";"15730";"Acompanhamento de Medida Protetiva de Urgência - Lei Maria da Penha";"48.0";"";"";"3"
"I";"2009-06-29 18:00:35";"56";"Requisição de informações";"3.0";"";"";"3"
"I";"2009-06-29 17:57:24";"63";"Ordenação de entrega de autos";"3.0";"";"";"3"
"I";"2021-07-30 13:18:45";"146";"Não-Homologação de prisão em flagrante";"3.0";"";"";"3"
"I";"2017-05-05 14:02:13";"175";"Prisão em flagrante";"378.0";"";"";"4"
"I";"2021-12-03 16:20:39";"244";"Conversão de Agravo de Instrumento em Agravo Retido";"218.0";"";"";"4"
"I";"2009-06-29 18:17:32";"266";"Julgamento em Diligência";"7.0";"";"";"4"
"I";"2017-05-05 14:49:26";"269";"Impedimento ou Suspeição";"11.0";"";"";"4"
"I";"2009-06-29 09:00:32";"270";"Convenção das Partes";"25.0";"";"";"4"
"I";"2009-06-29 17:34:28";"271";"Exceção de Incompetência, suspeição ou Impedimento";"25.0";"";"";"4"
"I";"2009-06-29 17:49:14";"278";"Recebimento de Embargos à Execução";"25.0";"";"";"4"
"I";"2009-06-29 17:43:16";"279";"Incidente de Insanidade Mental";"25.0";"";"";"4"
"I";"2012-10-15 15:35:44";"355";"Depositário infiel";"113.0";"";"";"4"
"I";"2020-12-04 16:58:15";"377";"Acordo em execução ou em cumprimento de sentença";"378.0";"";"";"4"
"I";"2008-09-30 15:52:47";"390";"Aditamento do libelo";"160.0";"";"";"4"
"I";"2008-09-30 15:52:47";"392";"Libelo";"160.0";"";"";"4"
"I";"2016-08-24 16:26:34";"417";"Inclusão em pauta";"48.0";"";"";"3"
"I";"2018-06-25 18:09:55";"465";"Confusão entre autor e réu";"456.0";"";"";"5"
"I";"2008-09-30 15:52:47";"799";"Aditamento do libelo";"163.0";"";"";"4"
"I";"2008-09-30 15:52:47";"803";"Libelo";"163.0";"";"";"4"
"I";"2009-10-02 11:35:44";"824";"Definitiva";"117.0";"";"";"4"
"I";"2018-06-26 11:47:10";"873";"Deliberação em Sessão";"48.0";"";"";"3"
"I";"2023-03-31 16:10:58";"884";"Transação Penal";"385.0";"";"";"4"
"I";"2024-09-26 12:58:46";"897";"Retirada de pauta";"48.0";"";"";"3"
"I";"2011-05-11 14:01:13";"900";"Declaração de competência em conflito";"385.0";"";"";"4"
"I";"2018-06-27 09:02:18";"947";"Por pendência de AIREsp";"25.0";"";"";"4"
"I";"2009-06-30 10:28:55";"960";"Conflito de Competência";"25.0";"";"";"4"
"I";"2009-06-29 17:40:41";"971";"Exceção da Verdade";"25.0";"";"";"4"
"I";"2009-06-12 18:44:19";"1015";"Suspensão do Processo";"1013.0";"";"";"4"
"I";"2011-10-19 17:20:28";"1045";"Prescrição, decadência ou perempção";"973.0";"";"";"5"
"I";"2022-06-02 12:14:38";"10962";"Regressão de Medida Sócio-Educativa";"1013.0";"";"";"4"
"I";"2022-06-02 12:16:48";"10963";"Progressão de Medida Sócio-Educativa";"817.0";"";"";"4"
"I";"2009-10-02 11:53:41";"10965";"Remissão a Adolescente Infrator";"210.0";"";"";"5"
"I";"2021-07-30 16:09:34";"10966";"Mudança de Classe Processual";"48.0";"";"";"3"
"I";"2022-03-22 13:48:30";"11002";"Revogação da Suspensão do Processo";"157.0";"";"";"4"
"I";"2009-10-02 13:35:17";"11011";"Homologada a Remissão";"378.0";"";"";"4"
"I";"2022-06-01 17:23:08";"11014";"Convenção das Partes para Cumprimento Voluntário da obrigação";"11025.0";"";"";"4"
"I";"2021-12-03 17:32:38";"11015";"Exceção de Incompetência, suspeição ou Impedimento";"11025.0";"";"";"4"
"I";"2022-06-10 14:28:13";"11024";"Assistência Judiciária Gratuita";"11023.0";"";"";"4"
"I";"2023-09-27 16:25:46";"11394";"Homologada a Remissão";"218.0";"";"";"4"
"I";"2023-09-27 13:52:39";"11396";"Concessão de remissão a adolescente com exclusão do processo";"218.0";"";"";"4"
"I";"2024-11-12 16:25:17";"11423";"Medida protetiva";"817.0";"";"";"4"
"I";"2024-11-12 16:32:56";"11424";"Medida protetiva";"888.0";"";"";"4"
"I";"2024-11-12 16:40:28";"11425";"Medida protetiva";"968.0";"";"";"4"
"I";"2024-11-12 16:47:54";"11426";"Medida protetiva";"157.0";"";"";"4"
"I";"2017-11-24 17:51:18";"12029";"Recebe Teste";"865.0";"";"";"3"
"I";"2021-12-01 19:29:48";"12065";"Cumprimento de Suspensão ou Sobrestamento";"48.0";"";"";"3"
"I";"2021-12-01 19:37:42";"12067";"Levantamento da Suspensão ou Dessobrestamento";"3.0";"";"";"3"
"I";"2021-12-01 19:39:00";"12068";"Levantamento da Suspensão ou Dessobrestamento";"11009.0";"";"";"3"
"I";"2024-09-26 12:57:05";"12101";"Inclusão do processo para julgamento eletrônico";"48.0";"";"";"3"
"I";"2024-09-26 13:30:36";"12102";"Adiamento do julgamento (CPC, art. 935)";"48.0";"";"";"3"
"I";"2017-11-24 16:48:18";"12163";"Outras Decisões";"3.0";"";"";"3"
"I";"2020-06-05 15:28:41";"12184";"Suspensão Condicional do Processo";"218.0";"";"";"4"
"I";"2018-06-25 18:42:06";"12262";"Emenda a inicial";"160.0";"";"";"4"
"I";"2018-06-26 12:03:27";"12279";"Fim";"12276.0";"";"";"4"
"I";"2018-07-19 11:49:52";"12316";"Notificação Inicial";"48.0";"";"";"3"
"I";"2018-07-19 11:49:58";"12317";"Notificação inicial com liminar";"48.0";"";"";"3"
"I";"2024-07-31 12:53:18";"12437";"Conhecimento para determinar sua autuação como Recurso Especial";"12433.0";"";"";"5"
"I";"2021-08-12 14:13:47";"12447";"pagamento";"1008.0";"";"";"4"
"I";"2019-07-18 15:16:57";"12449";"expedição de alvará de levantamento";"11010.0";"";"";"4"
"I";"2019-07-04 14:29:28";"12478";"Medida protetiva determinada por autoridade policia";"12477.0";"";"";"4"
"I";"2019-07-09 15:55:18";"12537";"Não-realizada";"12527.0";"12538";"";"5"
"I";"2019-07-09 15:54:53";"12538";"Infrutífera";"12537.0";"";"";"6"
"I";"2020-03-20 11:35:31";"12615";"Composição Civil";"385.0";"";"";"4"
"I";"2020-03-20 11:55:09";"12617";"Renúncia";"456.0";"";"";"5"
"I";"2022-09-22 11:39:40";"12618";"Remessa CEJUSC";"48.0";"";"";"3"
"I";"2020-06-03 15:50:16";"12656";"Partido Movimentado";"12655.0";"";"";"4"
"I";"2020-09-17 15:22:26";"12665";"Procedência da Impugnação (Registro Deferido)";"385.0";"";"";"4"
"I";"2020-06-03 22:29:35";"12671";"Procedência em Parte da Impugnação (Registro Cassado)";"12670.0";"";"";"6"
"I";"2020-06-03 23:02:19";"12704";"Anulação de Acórdão (Registro Deferido)";"12678.0";"";"";"5"
"I";"2020-06-03 23:02:26";"12705";"Anulação de Acórdão (Registro Indeferido)";"12678.0";"";"";"5"
"I";"2020-06-03 23:02:07";"12706";"Anulação de Acórdão (Registro Cancelado)";"12678.0";"";"";"5"
"I";"2020-06-03 23:02:13";"12707";"Anulação de Acórdão (Registro Cassado)";"12678.0";"";"";"5"
"I";"2020-06-03 23:02:30";"12708";"Anulação de Acórdão (Registro Sem Julgamento)";"12678.0";"";"";"5"
"I";"2020-06-17 15:01:32";"12748";"de Instrução";"12747.0";"";"";"5"
"I";"2022-11-25 16:48:35";"12759";"Realização de Procedimento Restaurativo";"48.0";"";"";"3"
"I";"2025-06-12 17:09:39";"12765";"Envio para Juízo de Retratação ";"3.0";"12766,12767,15418,15419";"15418";"3"
"I";"2025-06-12 17:06:15";"12766";"Por Divergência de Entendimento com o STF";"12765.0";"";"";"4"
"I";"2025-06-12 17:08:14";"12767";"Por Divergência de Entendimento com STJ";"12765.0";"";"";"4"
"I";"2021-01-28 11:04:09";"14230";"Apreciação de Questão Interlocutória";"3.0";"";"";"3"
"I";"2021-07-30 13:28:49";"14730";"Homologação Parcial do Flagrante";"3.0";"";"";"3"
"I";"2024-11-12 16:55:49";"14733";"Prorrogação de Medida Protetiva";"3.0";"";"";"3"
"I";"2021-09-29 18:07:53";"14902";"Perícia";"48.0";"";"";"3"
"I";"2024-03-07 16:22:29";"15237";"Justificação";"12744.0";"";"";"5"
"I";"2025-06-12 17:08:41";"15419";"Por Divergência de Entendimento com TNU";"12765.0";"";"";"4"
